<Ticker>,<DTYYYYMMDD>,<Open>,<High>,<Low>,<Close>,<Volume>
MCV,07/01/2011,6.7,6.7,6.4,6.5,98400
MCV,06/30/2011,6.9,6.9,6.7,6.7,49230
MCV,06/29/2011,7.0,7.0,6.8,6.9,61680
MCV,06/28/2011,7.2,7.3,7.0,7.0,59760
MCV,06/27/2011,7.4,7.4,7.1,7.2,50570
MCV,06/24/2011,7.4,7.4,7.1,7.4,28430
MCV,06/23/2011,7.2,7.4,7.0,7.2,85330
MCV,06/22/2011,7.6,7.7,7.3,7.3,46580
MCV,06/21/2011,7.1,7.4,7.0,7.4,160220
MCV,06/20/2011,7.4,7.4,7.1,7.1,141780
MCV,06/17/2011,7.7,7.9,7.4,7.4,108870
MCV,06/16/2011,7.3,7.7,7.2,7.7,241660
MCV,06/15/2011,7.5,7.7,7.4,7.4,321420
MCV,06/14/2011,8.0,8.0,7.5,7.7,442790
MCV,06/13/2011,7.7,7.7,7.7,7.7,71200
MCV,06/10/2011,7.4,7.4,7.4,7.4,68100
MCV,06/09/2011,6.9,7.1,6.8,7.1,139720
MCV,06/08/2011,6.7,6.8,6.5,6.8,206620
MCV,06/07/2011,6.5,6.5,6.4,6.5,143200
MCV,06/06/2011,6.3,6.3,6.1,6.2,45780
MCV,06/03/2011,6.7,6.7,6.2,6.3,214990
MCV,06/02/2011,6.3,6.4,6.3,6.4,68340
MCV,06/01/2011,5.8,6.1,5.8,6.1,107970
MCV,05/31/2011,5.9,6.0,5.7,5.9,71680
MCV,05/30/2011,6.5,6.5,6.0,6.0,67360
MCV,05/27/2011,6.3,6.3,6.0,6.3,132100
MCV,05/26/2011,5.8,6.4,5.8,6.0,448710
MCV,05/25/2011,6.1,6.2,6.1,6.1,80870
MCV,05/24/2011,6.5,6.5,6.4,6.4,75110
MCV,05/23/2011,6.9,7.0,6.7,6.7,58140
MCV,05/20/2011,7.1,7.3,6.9,7.0,175710
MCV,05/19/2011,7.5,7.5,7.2,7.2,111230
MCV,05/18/2011,7.5,7.6,7.4,7.5,119200
MCV,05/17/2011,8.1,8.2,7.7,7.7,148860
MCV,05/16/2011,8.5,8.5,8.1,8.1,52140
MCV,05/13/2011,8.3,8.4,8.2,8.4,28430
MCV,05/12/2011,8.4,8.4,8.2,8.3,40890
MCV,05/11/2011,8.5,8.5,8.3,8.3,44560
MCV,05/10/2011,8.6,8.8,8.5,8.5,95330
MCV,05/09/2011,8.6,8.7,8.2,8.5,38820
MCV,05/06/2011,8.6,8.7,8.4,8.4,69740
MCV,05/05/2011,9.1,9.1,8.6,8.6,90390
MCV,05/04/2011,8.7,9.1,8.7,9.0,39010
MCV,04/29/2011,8.9,9.2,8.9,8.9,96650
MCV,04/28/2011,9.1,9.1,8.7,8.8,194760
MCV,04/27/2011,9.2,9.3,8.7,9.1,139750
MCV,04/26/2011,9.4,9.7,9.1,9.1,81950
MCV,04/25/2011,9.0,9.4,9.0,9.4,81350
MCV,04/22/2011,9.3,9.3,8.9,9.0,127540
MCV,04/21/2011,9.6,9.7,9.3,9.3,164520
MCV,04/20/2011,9.7,10.0,9.6,9.6,90150
MCV,04/19/2011,9.7,10.0,9.6,9.7,70710
MCV,04/18/2011,9.8,10.0,9.7,9.8,68650
MCV,04/15/2011,10.1,10.3,10.0,10.1,80390
MCV,04/14/2011,10.5,10.5,10.3,10.3,40810
MCV,04/13/2011,10.6,10.7,10.4,10.4,84660
MCV,04/08/2011,10.9,10.9,10.8,10.9,38750
MCV,04/07/2011,11.2,11.2,10.8,10.9,41790
MCV,04/06/2011,10.7,11.2,10.6,11.2,111650
MCV,04/05/2011,10.9,10.9,10.5,10.7,67270
MCV,04/04/2011,11.2,11.2,10.6,10.7,50890
MCV,04/01/2011,11.1,11.4,11.0,11.1,27780
MCV,03/31/2011,11.0,11.4,11.0,11.3,179100
MCV,03/30/2011,10.9,11.1,10.8,10.9,359750
MCV,03/29/2011,11.7,11.7,11.3,11.3,165190
MCV,03/28/2011,11.8,12.2,11.8,11.8,127820
MCV,03/25/2011,12.2,12.4,12.0,12.2,489220
MCV,03/24/2011,11.4,11.9,11.3,11.9,369570
MCV,03/23/2011,11.3,11.8,11.0,11.4,365980
MCV,03/22/2011,11.5,11.5,11.5,11.5,76600
MCV,03/21/2011,11.0,11.0,11.0,11.0,38660
MCV,03/18/2011,10.0,10.5,10.0,10.5,145610
MCV,03/17/2011,9.8,10.3,9.8,10.0,79300
MCV,03/16/2011,9.3,9.5,9.2,10.0,82500
MCV,03/15/2011,9.7,10.3,9.7,9.9,81830
MCV,03/14/2011,10.5,10.6,10.0,10.0,114950
MCV,03/11/2011,10.5,10.5,10.4,10.5,56120
MCV,03/10/2011,9.4,10.0,9.4,10.0,76950
MCV,03/09/2011,9.9,9.9,9.6,9.6,140310
MCV,03/08/2011,10.2,10.5,10.1,10.1,130180
MCV,03/07/2011,10.2,10.7,10.2,10.2,41710
MCV,03/04/2011,10.5,10.7,10.4,10.5,63120
MCV,03/03/2011,10.7,11.0,10.5,10.5,80470
MCV,03/02/2011,11.3,11.3,10.9,10.9,139930
MCV,03/01/2011,11.6,11.7,11.4,11.4,58370
MCV,02/28/2011,11.8,12.2,11.7,11.7,121430
MCV,02/25/2011,11.5,11.7,11.2,11.7,84320
MCV,02/24/2011,11.6,11.6,11.1,11.2,46650
MCV,02/23/2011,11.4,11.8,11.4,11.5,84660
MCV,02/22/2011,11.3,11.8,11.3,11.4,106440
MCV,02/21/2011,11.9,12.4,11.9,11.8,112950
MCV,02/18/2011,12.6,12.7,12.3,12.4,78950
MCV,02/17/2011,12.4,12.7,12.4,12.6,56270
MCV,02/16/2011,13.2,13.3,12.8,12.8,64560
MCV,02/15/2011,13.2,13.4,13.0,13.2,47680
MCV,02/14/2011,13.4,13.5,13.3,13.3,52890
MCV,02/11/2011,13.3,13.5,13.2,13.4,32030
MCV,02/10/2011,13.3,13.7,13.2,13.2,45220
MCV,02/09/2011,13.7,13.8,13.3,13.3,87160
MCV,02/08/2011,13.9,13.9,13.6,13.7,55790
MCV,01/28/2011,13.8,13.9,13.6,13.8,85070
MCV,01/27/2011,14.0,14.0,13.7,13.7,40000
MCV,01/26/2011,13.8,13.8,13.3,13.7,22710
MCV,01/25/2011,13.3,13.4,13.0,13.3,71750
MCV,01/24/2011,13.6,13.9,13.2,13.2,85990
MCV,01/21/2011,13.8,14.0,13.7,13.7,183720
MCV,01/20/2011,14.4,14.4,13.9,13.9,81450
MCV,01/19/2011,14.5,14.5,13.9,14.2,57220
MCV,01/18/2011,14.4,14.8,14.2,14.2,49140
MCV,01/17/2011,14.4,15.0,14.3,14.4,148610
MCV,01/14/2011,14.3,14.5,14.3,14.3,56690
MCV,01/13/2011,14.0,14.4,14.0,14.3,96170
MCV,01/12/2011,14.0,14.0,13.6,13.8,57490
MCV,01/11/2011,13.9,13.9,13.4,13.7,92410
MCV,01/10/2011,14.7,14.7,13.9,13.9,176080
MCV,01/07/2011,14.7,14.8,14.6,14.6,80660
MCV,01/06/2011,14.5,14.9,14.5,14.6,60890
MCV,01/05/2011,15.0,15.2,14.6,14.6,99990
MCV,01/04/2011,14.7,15.4,14.7,15.1,283010
MCV,12/31/2010,14.6,14.9,14.6,14.7,101200
MCV,12/30/2010,14.9,15.1,14.6,14.6,105780
MCV,12/29/2010,15.8,15.8,14.9,14.9,116450
MCV,12/28/2010,15.3,15.6,14.9,15.6,156620
MCV,12/27/2010,14.6,15.0,14.5,14.9,98480
MCV,12/24/2010,14.6,15.1,14.5,14.6,128400
MCV,12/23/2010,15.0,15.1,14.5,14.9,103570
MCV,12/22/2010,15.6,15.9,15.0,15.0,171440
MCV,12/21/2010,15.8,16.2,15.3,15.6,130810
MCV,12/20/2010,15.8,16.1,15.8,15.8,441530
MCV,12/17/2010,15.3,15.4,14.7,15.4,249210
MCV,12/16/2010,14.9,15.3,14.7,14.7,316130
MCV,12/15/2010,15.7,16.5,15.4,15.4,167590
MCV,12/14/2010,16.5,16.9,16.1,16.1,229970
MCV,12/13/2010,16.9,16.9,16.9,16.9,325650
MCV,12/10/2010,15.9,16.1,15.6,16.1,489430
MCV,12/09/2010,15.0,16.1,14.7,15.4,305350
MCV,12/08/2010,15.7,16.3,15.4,15.4,291840
MCV,12/07/2010,17.0,17.0,16.2,16.2,309710
MCV,12/06/2010,17.0,17.7,16.6,17.0,168810
MCV,12/03/2010,17.2,17.2,16.5,17.2,330240
MCV,12/02/2010,15.5,16.4,15.0,16.4,399310
MCV,12/01/2010,15.3,15.9,15.2,15.7,323630
MCV,11/30/2010,15.2,15.2,15.2,15.2,112320
MCV,11/29/2010,13.9,14.5,13.6,14.5,199380
MCV,11/26/2010,13.9,13.9,13.5,13.9,324590
MCV,11/25/2010,13.0,13.3,13.0,13.3,92710
MCV,11/24/2010,12.3,13.0,12.3,12.7,103260
MCV,11/23/2010,12.3,12.7,12.3,12.5,39000
MCV,11/22/2010,12.2,12.5,12.1,12.3,147510
MCV,11/19/2010,13.2,13.2,12.7,12.7,50880
MCV,11/18/2010,12.4,13.0,12.4,13.0,82110
MCV,11/17/2010,12.4,13.1,12.4,12.4,60480
MCV,11/16/2010,13.4,13.4,12.7,12.7,78590
MCV,11/15/2010,13.0,13.3,12.8,13.3,111160
MCV,11/12/2010,13.2,13.4,13.1,13.3,135610
MCV,11/11/2010,14.4,14.5,13.7,13.7,148030
MCV,11/10/2010,14.3,14.8,14.3,14.4,78700
MCV,11/09/2010,14.7,14.9,14.6,14.7,81070
MCV,11/08/2010,15.2,15.2,14.8,15.2,205990
MCV,11/05/2010,15.0,15.2,14.6,15.1,159710
MCV,11/04/2010,14.1,14.7,14.1,14.5,139940
MCV,11/03/2010,14.3,15.0,14.1,14.1,132300
MCV,11/02/2010,15.0,15.0,14.6,14.7,84670
MCV,11/01/2010,15.6,15.6,15.0,15.2,109630
MCV,10/29/2010,15.5,15.8,15.3,15.5,103970
MCV,10/28/2010,15.0,15.5,15.0,15.3,95570
MCV,10/27/2010,16.6,16.6,15.4,15.4,83360
MCV,10/26/2010,15.8,16.0,15.8,16.0,87430
MCV,10/25/2010,15.4,15.4,14.8,15.3,79440
MCV,10/22/2010,15.5,16.0,15.2,15.2,55370
MCV,10/21/2010,16.2,16.2,15.5,15.6,115940
MCV,10/20/2010,15.9,15.9,15.7,15.7,181880
MCV,10/19/2010,17.0,17.0,16.4,16.5,116810
MCV,10/18/2010,17.0,18.0,17.0,17.0,95730
MCV,10/15/2010,16.7,17.5,16.7,17.5,150120
MCV,10/14/2010,17.0,17.2,16.7,16.7,55500
MCV,10/13/2010,16.0,17.0,16.0,16.7,73440
MCV,10/12/2010,16.7,17.0,16.5,16.7,100280
MCV,10/11/2010,17.6,17.6,16.7,17.0,96170
MCV,10/08/2010,17.6,18.0,17.3,17.3,104570
MCV,10/07/2010,18.0,18.7,17.5,17.6,131290
MCV,10/06/2010,18.2,18.4,17.7,18.3,123320
MCV,10/05/2010,17.0,17.7,17.0,17.7,109540
MCV,10/04/2010,18.0,18.0,17.7,17.7,250400
MCV,10/01/2010,18.9,19.0,18.6,18.6,81640
MCV,09/30/2010,19.0,19.0,18.5,18.8,102710
MCV,09/29/2010,19.0,19.5,18.8,18.8,178000
MCV,09/28/2010,19.7,19.9,19.4,19.4,186260
MCV,09/27/2010,19.6,20.0,19.0,19.0,290790
MCV,09/24/2010,20.0,20.0,19.6,19.8,223700
MCV,09/23/2010,20.7,20.7,19.2,19.8,174770
MCV,09/22/2010,20.3,20.8,20.0,20.2,141520
MCV,09/21/2010,20.2,21.2,20.1,20.6,1021740
MCV,09/20/2010,20.2,20.2,20.1,20.2,154030
MCV,09/17/2010,19.0,19.3,19.0,19.3,318220
MCV,09/16/2010,17.7,18.8,17.7,18.4,82020
MCV,09/15/2010,18.5,19.6,18.3,18.4,126260
MCV,09/14/2010,19.0,19.1,18.2,19.1,356460
MCV,09/13/2010,19.0,19.5,19.0,19.0,294820
MCV,09/10/2010,20.4,21.4,20.0,20.0,212780
MCV,09/09/2010,21.0,21.3,20.3,21.0,249500
MCV,09/08/2010,19.6,20.5,19.0,20.4,543330
MCV,09/07/2010,19.6,19.6,19.1,19.6,260090
MCV,09/06/2010,18.7,18.7,18.7,18.7,47320
MCV,09/01/2010,17.5,17.9,17.0,17.9,284160
MCV,08/31/2010,17.0,17.1,16.5,17.1,180120
MCV,08/30/2010,16.2,16.3,16.2,16.3,55060
MCV,08/27/2010,15.0,15.7,14.9,15.6,201650
MCV,08/26/2010,16.0,16.4,15.2,15.4,221560
MCV,08/25/2010,16.1,16.5,16.0,16.0,135760
MCV,08/24/2010,16.9,16.9,16.8,16.8,217770
MCV,08/23/2010,18.3,18.3,17.6,17.6,81600
MCV,08/20/2010,18.1,18.3,17.7,18.3,119040
MCV,08/19/2010,18.6,18.6,18.0,18.2,76060
MCV,08/18/2010,19.0,19.0,18.5,18.5,111010
MCV,08/17/2010,19.4,19.8,18.6,19.4,149610
MCV,08/16/2010,19.1,19.4,18.8,19.4,152110
MCV,08/13/2010,18.2,19.4,18.0,18.5,344350
MCV,08/12/2010,19.8,19.8,18.9,18.9,139840
MCV,08/11/2010,19.5,20.1,19.4,19.8,256020
MCV,08/10/2010,20.7,20.7,19.7,19.7,236850
MCV,08/09/2010,21.0,21.0,20.7,20.7,238680
MCV,08/06/2010,22.4,22.4,21.7,21.7,145160
MCV,08/05/2010,23.5,23.5,22.1,22.3,148180
MCV,08/04/2010,23.3,23.6,22.8,23.0,274060
MCV,08/03/2010,25.0,25.0,23.8,24.0,192370
MCV,08/02/2010,24.9,25.0,24.6,24.9,94890
MCV,07/30/2010,25.0,25.8,24.7,24.9,146850
MCV,07/29/2010,25.0,25.3,24.8,25.0,102020
MCV,07/28/2010,25.8,25.8,24.7,24.8,124200
MCV,07/27/2010,25.4,26.0,25.0,25.8,162560
MCV,07/26/2010,25.9,26.1,25.4,25.4,140640
MCV,07/23/2010,26.0,26.4,25.9,25.9,163700
MCV,07/22/2010,26.4,26.7,26.0,26.0,168330
MCV,07/21/2010,26.8,26.9,26.7,26.7,117530
MCV,07/20/2010,26.8,27.0,26.5,26.7,171080
MCV,07/19/2010,26.5,26.8,26.3,26.3,211830
MCV,07/16/2010,27.1,27.4,26.8,26.8,176440
MCV,07/15/2010,26.8,27.5,26.6,27.0,131290
MCV,07/14/2010,28.0,28.0,26.2,26.8,148110
MCV,07/13/2010,27.7,28.0,27.3,27.5,156230
MCV,07/12/2010,26.8,27.0,26.2,27.0,141870
MCV,07/09/2010,26.0,26.9,26.0,26.6,97440
MCV,07/08/2010,26.8,26.8,26.0,26.0,153500
MCV,07/07/2010,26.5,26.9,26.0,26.2,228830
MCV,07/06/2010,26.7,27.0,26.3,26.4,211500
MCV,07/05/2010,28.1,28.1,27.0,27.0,179680
MCV,07/02/2010,27.7,28.2,27.0,27.7,186650
MCV,07/01/2010,27.2,28.0,27.1,27.6,185800
MCV,06/30/2010,26.9,27.9,26.9,27.0,262270
MCV,06/29/2010,28.4,29.3,27.8,28.1,210480
MCV,06/28/2010,29.0,29.0,28.1,28.4,303770
MCV,06/25/2010,29.2,29.5,28.5,28.5,453920
MCV,06/24/2010,29.9,31.0,29.9,29.9,485040
MCV,06/23/2010,29.5,30.5,29.1,29.9,430900
MCV,06/22/2010,29.8,31.2,29.5,29.5,789120
MCV,06/21/2010,28.5,29.8,28.5,29.8,337650
MCV,06/18/2010,28.5,29.0,27.8,28.4,462060
MCV,06/17/2010,29.8,29.8,28.4,28.4,368230
MCV,06/16/2010,29.5,30.2,28.8,29.8,704750
MCV,06/15/2010,29.1,29.7,28.2,28.8,311900
MCV,06/14/2010,28.7,29.1,28.1,29.1,657730
MCV,06/11/2010,27.3,27.8,27.0,27.8,375930
MCV,06/10/2010,26.1,26.8,26.0,26.5,253670
MCV,06/09/2010,26.0,26.3,25.5,26.1,147870
MCV,06/08/2010,25.2,26.1,25.0,25.8,295390
MCV,06/07/2010,25.7,26.2,25.6,25.6,390590
MCV,06/04/2010,27.4,27.8,26.9,26.9,254160
MCV,06/03/2010,28.6,28.6,27.6,28.0,225280
MCV,06/02/2010,27.2,28.5,27.0,28.3,329830
MCV,06/01/2010,27.0,28.6,26.3,28.2,555990
MCV,05/31/2010,28.2,28.3,27.0,27.4,1022740
MCV,05/28/2010,27.0,27.0,27.0,27.0,104380
MCV,05/27/2010,25.8,25.8,25.0,25.8,332730
MCV,05/26/2010,24.6,24.6,24.6,24.6,68760
MCV,05/25/2010,23.5,25.7,23.5,23.5,367470
MCV,05/24/2010,24.9,25.5,24.7,24.7,424360
MCV,05/21/2010,25.9,25.9,25.9,25.9,64890
MCV,05/20/2010,27.1,27.9,27.1,27.2,624290
MCV,05/19/2010,28.5,28.5,28.5,28.5,100390
MCV,05/18/2010,30.0,31.3,30.0,30.0,179720
MCV,05/17/2010,30.1,30.1,29.0,30.1,482420
MCV,05/14/2010,28.4,28.7,27.5,28.7,762760
MCV,05/13/2010,27.2,28.6,27.2,27.4,718460
MCV,05/12/2010,29.0,30.0,28.6,28.6,379220
MCV,05/11/2010,32.0,32.0,30.1,30.1,320230
MCV,05/10/2010,33.9,33.9,31.6,31.6,271300
MCV,05/07/2010,35.6,35.6,33.2,33.2,526840
MCV,05/06/2010,34.7,34.9,34.1,34.9,494840
MCV,05/05/2010,34.3,35.5,33.3,33.3,453670
MCV,05/04/2010,37.1,37.2,35.0,35.0,350970
MCV,04/29/2010,37.0,38.0,35.2,36.6,550610
MCV,04/28/2010,36.6,37.0,35.0,36.5,296980
MCV,04/27/2010,38.0,39.1,36.6,36.6,423600
MCV,04/26/2010,36.6,38.4,36.6,37.7,424520
MCV,04/22/2010,38.0,39.2,36.6,36.6,869640
MCV,04/21/2010,39.9,41.2,38.5,38.5,471590
MCV,04/20/2010,39.3,39.3,35.8,39.3,520510
MCV,04/19/2010,36.5,37.5,36.0,37.5,917120
MCV,04/16/2010,35.8,35.8,35.0,35.8,767450
MCV,04/15/2010,34.1,34.1,34.0,34.1,353850
MCV,04/14/2010,32.0,32.5,31.8,32.5,401960
MCV,04/13/2010,28.3,31.0,28.3,31.0,453490
MCV,04/12/2010,29.9,31.1,29.6,29.6,446400
MCV,04/09/2010,33.4,33.4,31.1,31.1,323680
MCV,04/08/2010,32.5,32.7,31.3,32.7,701780
MCV,04/07/2010,30.6,32.1,29.5,31.3,588670
MCV,04/06/2010,30.6,30.6,29.6,30.6,491770
MCV,04/05/2010,29.2,29.2,29.2,29.2,577670
MCV,04/02/2010,28.0,28.9,27.0,27.9,422810
MCV,04/01/2010,26.0,28.0,25.6,28.0,463690
MCV,03/31/2010,25.7,26.9,25.7,26.9,707950
MCV,03/30/2010,25.7,25.7,25.5,25.7,286280
MCV,03/29/2010,24.5,24.5,24.4,24.5,207180
MCV,03/26/2010,22.3,23.4,21.9,23.4,350250
MCV,03/25/2010,23.9,24.4,22.3,22.3,602330
MCV,03/24/2010,23.4,23.4,23.0,23.4,303650
MCV,03/23/2010,20.8,22.3,21.9,22.3,435610
MCV,03/22/2010,20.8,21.3,20.5,21.3,359240
MCV,03/19/2010,20.3,20.9,20.0,20.3,369720
MCV,03/18/2010,19.5,20.0,19.1,20.0,122070
MCV,03/17/2010,20.0,20.0,19.1,19.1,210220
MCV,03/16/2010,20.6,20.7,20.1,20.1,1101480
MCV,03/15/2010,19.5,19.8,19.5,19.8,281810
MCV,03/12/2010,19.3,19.3,18.6,18.9,145980
MCV,03/11/2010,19.0,19.1,18.5,18.9,162670
MCV,03/10/2010,19.2,19.5,18.9,18.9,119810
MCV,03/09/2010,19.7,19.8,19.0,19.7,95030
MCV,03/08/2010,20.0,20.2,19.4,19.7,106450
MCV,03/05/2010,18.4,19.3,18.2,19.3,579260
MCV,03/04/2010,18.4,18.7,18.2,18.4,193980
MCV,03/03/2010,18.1,18.2,18.0,18.2,73070
MCV,03/02/2010,18.5,18.7,18.1,18.1,145750
MCV,03/01/2010,17.4,18.1,17.3,18.1,322390
MCV,02/26/2010,17.4,17.4,17.0,17.3,38560
MCV,02/25/2010,17.2,17.5,17.2,17.3,39040
MCV,02/24/2010,17.1,17.4,16.9,17.2,59930
MCV,02/23/2010,17.3,17.6,17.3,17.4,78420
MCV,02/22/2010,18.0,18.1,17.5,17.9,32580
MCV,02/12/2010,17.6,17.7,17.5,17.7,50220
MCV,02/11/2010,16.9,17.5,16.9,17.5,33290
MCV,02/10/2010,17.5,16.8,16.9,17.0,45320
MCV,02/09/2010,16.9,17.4,16.8,16.8,94910
MCV,02/08/2010,17.0,17.5,17.0,17.2,52100
MCV,02/05/2010,17.5,18.0,17.2,17.4,47760
MCV,02/04/2010,17.2,18.0,17.2,18.0,98660
MCV,02/03/2010,17.2,17.3,17.1,17.2,64690
MCV,02/02/2010,17.5,17.5,17.0,17.2,97510
MCV,02/01/2010,17.9,17.9,17.1,17.3,44870
MCV,01/29/2010,17.4,18.0,16.8,17.4,144210
MCV,01/28/2010,17.5,17.7,17.2,17.4,139270
MCV,01/27/2010,19.0,19.0,18.1,18.1,239570
MCV,01/26/2010,19.0,19.0,19.0,19.0,150730
MCV,01/25/2010,17.6,18.1,17.1,18.1,299050
MCV,01/22/2010,17.7,18.0,17.1,17.3,229030
MCV,01/21/2010,18.0,18.9,17.9,17.9,198950
MCV,01/20/2010,20.4,20.4,18.8,18.8,216970
MCV,01/19/2010,20.4,20.6,19.4,19.7,205000
MCV,01/18/2010,21.0,21.4,20.4,20.4,491710
MCV,01/15/2010,21.3,21.4,20.0,21.4,768790
MCV,01/14/2010,20.4,20.4,20.0,20.4,582290
MCV,01/13/2010,18.6,19.5,17.7,19.5,343640
MCV,01/12/2010,20.2,20.4,18.6,18.6,451740
MCV,01/11/2010,19.3,19.5,18.5,19.5,453540
MCV,01/08/2010,20.3,20.4,18.6,18.6,377490
MCV,01/07/2010,18.6,19.5,18.4,19.5,520700
MCV,01/06/2010,18.3,19.7,18.3,18.6,271820
MCV,01/05/2010,20.0,20.0,18.5,19.0,393270
MCV,01/04/2010,19.1,19.1,19.0,19.1,84600
MCV,12/31/2009,18.2,18.2,18.1,18.2,119050
MCV,12/30/2009,18.7,18.7,17.3,17.4,265800
MCV,12/29/2009,18.1,18.1,17.9,18.1,795450
MCV,12/28/2009,17.3,17.3,17.2,17.3,304400
MCV,12/25/2009,16.5,16.5,16.5,16.5,4760
MCV,12/24/2009,15.8,15.8,15.8,15.8,29240
MCV,12/23/2009,14.5,15.1,14.5,15.1,272660
MCV,12/22/2009,14.7,14.9,14.0,14.4,237630
MCV,12/21/2009,14.1,14.2,14.0,14.2,57240
MCV,12/18/2009,13.4,13.6,13.0,13.6,125180
MCV,12/17/2009,13.2,13.6,13.0,13.0,136960
MCV,12/16/2009,13.9,13.9,13.6,13.6,128580
MCV,12/15/2009,14.9,15.0,14.2,14.3,92560
MCV,12/14/2009,14.6,14.9,14.0,14.9,157240
MCV,12/11/2009,14.3,14.5,14.2,14.2,70560
MCV,12/10/2009,16.0,16.0,14.9,14.9,83890
MCV,12/09/2009,15.7,16.2,15.6,15.6,150540
MCV,12/08/2009,16.7,17.3,16.0,16.4,173240
MCV,12/07/2009,16.8,17.0,16.5,16.8,97470
MCV,12/04/2009,17.3,17.3,16.5,16.8,98320
MCV,12/03/2009,17.0,17.5,16.5,17.0,112770
MCV,12/02/2009,17.5,18.4,17.3,17.3,150940
MCV,12/01/2009,17.9,18.2,17.5,18.2,396670
MCV,11/30/2009,17.1,17.8,17.1,17.4,177940
MCV,11/27/2009,16.2,17.8,16.2,17.1,323170
MCV,11/26/2009,17.0,17.0,17.0,17.0,13350
MCV,11/25/2009,18.1,18.2,17.9,17.9,273970
MCV,11/24/2009,19.6,20.0,18.8,18.8,171280
MCV,11/23/2009,20.6,20.6,19.6,19.6,285830
MCV,11/20/2009,20.5,22.2,20.5,20.6,160090
MCV,11/19/2009,20.5,21.5,20.1,21.5,463590
MCV,11/18/2009,20.2,20.9,20.0,20.5,532440
MCV,11/17/2009,21.0,21.0,20.0,21.0,1067840
MCV,11/16/2009,20.0,20.0,20.0,20.0,24980
MCV,11/13/2009,19.1,19.1,18.5,19.1,325000
MCV,11/12/2009,18.0,18.2,17.5,18.2,157420
MCV,11/11/2009,17.0,17.9,17.0,17.4,524050
MCV,11/10/2009,17.9,18.8,17.9,17.9,157390
MCV,11/09/2009,18.8,19.8,18.8,18.8,168670
MCV,11/06/2009,20.7,21.5,19.8,19.8,406610
MCV,11/05/2009,20.4,22.5,20.4,20.8,548890
MCV,11/04/2009,21.5,22.6,21.5,21.5,363470
MCV,11/03/2009,22.6,22.6,22.6,22.6,27910
MCV,11/02/2009,23.8,23.8,23.8,23.8,24470
MCV,10/30/2009,23.3,25.4,23.0,25.0,1008770
MCV,10/29/2009,24.2,24.2,24.2,24.2,47350
MCV,10/28/2009,25.5,25.5,25.5,25.5,74540
MCV,10/27/2009,26.8,26.8,26.8,26.8,227410
MCV,10/26/2009,28.2,28.2,25.8,28.2,1772320
MCV,10/23/2009,26.9,26.9,26.9,26.9,223260
MCV,10/22/2009,25.6,25.6,25.6,25.6,46320
MCV,10/21/2009,24.4,24.4,24.4,24.4,61970
MCV,10/20/2009,23.3,23.3,23.3,23.3,34950
MCV,10/19/2009,22.2,22.2,22.1,22.2,565440
MCV,10/16/2009,21.2,21.2,20.2,21.2,868130
MCV,10/15/2009,20.2,20.2,20.2,20.2,159350
MCV,10/14/2009,18.0,19.3,18.0,19.3,507910
MCV,10/13/2009,18.0,18.4,17.2,18.4,577120
MCV,10/12/2009,17.6,17.6,17.5,17.6,581790
MCV,10/09/2009,16.5,16.8,16.1,16.8,207220
MCV,10/08/2009,16.4,16.4,16.0,16.0,128310
MCV,10/07/2009,16.2,16.3,16.0,16.2,139430
MCV,10/06/2009,15.7,16.0,15.5,15.8,203250
MCV,10/05/2009,15.7,16.2,15.3,15.7,179500
MCV,10/02/2009,15.9,16.2,15.7,15.7,286670
MCV,10/01/2009,17.4,17.7,16.5,16.5,274670
MCV,09/30/2009,16.7,17.3,16.7,17.3,554700
MCV,09/29/2009,17.0,17.0,16.5,16.5,270940
MCV,09/28/2009,17.7,17.7,16.9,16.9,343320
MCV,09/25/2009,17.9,17.9,17.2,17.6,246840
MCV,09/24/2009,18.0,18.5,17.5,18.1,467340
MCV,09/23/2009,18.0,18.0,17.5,18.0,1217920
MCV,09/22/2009,17.2,17.2,17.2,17.2,28910
MCV,09/21/2009,16.4,16.4,16.4,16.4,21050
MCV,09/18/2009,15.8,15.9,15.5,15.6,203530
MCV,09/17/2009,15.9,16.0,15.7,15.8,116730
MCV,09/16/2009,15.8,16.3,15.8,15.9,151610
MCV,09/15/2009,16.5,16.5,16.0,16.0,349450
MCV,09/14/2009,17.0,17.0,16.3,16.3,223070
MCV,09/11/2009,16.5,16.8,16.4,16.6,218260
MCV,09/10/2009,16.2,16.5,15.8,16.5,141950
MCV,09/09/2009,17.1,17.1,15.9,16.2,290700
MCV,09/08/2009,16.2,17.1,15.8,16.6,804710
MCV,09/07/2009,16.6,16.6,16.6,16.6,142680
MCV,09/04/2009,17.5,17.5,17.5,17.5,500240
MCV,09/03/2009,16.7,16.7,16.7,16.7,139970
MCV,09/01/2009,15.5,15.9,15.2,15.9,521020
MCV,08/31/2009,14.7,15.2,14.6,15.2,369960
MCV,08/28/2009,14.8,14.8,14.2,14.5,105690
MCV,08/27/2009,14.1,14.4,13.8,14.4,146550
MCV,08/26/2009,13.7,14.0,13.6,13.7,83400
MCV,08/25/2009,13.7,13.9,13.5,13.9,89000
MCV,08/24/2009,14.3,14.3,13.6,13.6,50820
MCV,08/21/2009,14.6,14.8,14.1,14.1,110710
MCV,08/20/2009,14.2,14.2,13.7,14.2,50590
MCV,08/19/2009,13.8,14.0,13.7,13.8,108400
MCV,08/18/2009,13.5,14.0,13.5,13.7,35100
MCV,08/17/2009,14.0,14.0,13.5,14.0,78340
MCV,08/14/2009,14.1,14.3,14.1,14.1,170310
MCV,08/13/2009,14.9,15.3,14.7,14.8,90640
MCV,08/12/2009,14.9,14.9,14.5,14.9,398130
MCV,08/11/2009,13.5,14.2,13.5,14.2,299860
MCV,08/10/2009,12.9,13.5,12.9,13.5,124090
MCV,08/07/2009,12.9,12.9,12.6,12.9,54620
MCV,08/06/2009,12.4,12.9,12.4,12.9,101430
MCV,08/05/2009,12.4,12.7,12.2,12.3,50710
MCV,08/04/2009,12.9,13.0,12.6,12.7,31280
MCV,08/03/2009,13.0,13.0,12.5,13.0,46280
MCV,07/31/2009,12.9,13.0,12.8,12.9,49770
MCV,07/30/2009,12.4,12.9,12.3,12.7,8840
MCV,07/29/2009,12.9,12.9,12.8,12.8,42150
MCV,07/28/2009,12.9,13.2,12.7,12.8,48680
MCV,07/27/2009,13.5,13.6,13.1,13.3,97570
MCV,07/24/2009,13.1,13.1,13.1,13.1,60070
MCV,07/23/2009,11.9,12.5,11.9,12.5,22470
MCV,07/22/2009,12.4,12.4,12.0,12.0,10450
MCV,07/21/2009,12.1,12.1,11.9,12.1,16140
MCV,07/20/2009,12.1,12.1,11.9,11.9,24490
MCV,07/17/2009,12.7,12.7,12.3,12.5,15860
MCV,07/16/2009,12.5,12.8,12.5,12.7,52780
MCV,07/15/2009,12.0,12.5,12.0,12.2,11740
MCV,07/14/2009,12.4,12.5,12.1,12.1,21430
MCV,07/13/2009,12.5,12.9,12.2,12.2,35900
MCV,07/10/2009,13.1,13.1,12.8,12.8,21110
MCV,07/09/2009,13.3,13.5,13.0,13.2,35650
MCV,07/08/2009,12.5,13.1,12.5,13.1,23650
MCV,07/07/2009,12.9,13.1,12.7,12.8,48780
MCV,07/06/2009,12.6,12.8,12.5,12.8,30430
MCV,07/03/2009,11.8,12.2,11.8,12.2,46850
MCV,07/02/2009,12.2,12.6,11.6,12.4,59780
MCV,07/01/2009,12.2,12.2,12.2,12.2,16110
MCV,06/30/2009,13.5,13.5,12.8,12.8,45990
MCV,06/29/2009,13.6,14.1,13.5,13.5,55490
MCV,06/26/2009,14.4,14.7,14.2,14.2,40080
MCV,06/25/2009,15.3,15.3,14.4,14.4,75350
MCV,06/24/2009,15.1,15.1,14.9,15.1,144570
MCV,06/23/2009,14.4,14.4,14.4,14.4,90610
MCV,06/22/2009,16.0,16.0,15.1,15.1,163830
MCV,06/19/2009,16.4,16.8,15.8,15.8,211690
MCV,06/18/2009,16.6,16.6,15.7,16.6,264430
MCV,06/17/2009,15.8,16.4,15.8,15.9,360400
MCV,06/16/2009,16.6,16.6,16.6,16.6,34200
MCV,06/15/2009,16.6,17.4,16.6,17.4,276830
MCV,06/12/2009,17.4,17.4,17.3,17.4,299150
MCV,06/11/2009,15.6,16.6,15.6,16.6,469510
MCV,06/10/2009,15.9,16.3,15.9,15.9,98490
MCV,06/09/2009,16.2,16.9,15.5,16.7,389400
MCV,06/08/2009,16.2,16.2,16.0,16.2,141180
MCV,06/05/2009,15.5,15.5,15.5,15.5,42070
MCV,06/04/2009,14.8,14.8,14.8,14.8,244860
MCV,06/03/2009,14.3,14.4,13.7,14.1,272820
MCV,06/02/2009,14.1,14.2,13.9,14.2,376520
MCV,06/01/2009,13.5,13.9,13.4,13.5,251740
MCV,05/29/2009,14.5,14.5,13.2,13.3,159010
MCV,05/28/2009,13.9,13.9,13.4,13.9,505050
MCV,05/27/2009,13.2,13.2,12.8,13.2,351300
MCV,05/26/2009,12.6,12.6,12.0,12.6,305570
MCV,05/25/2009,11.9,12.0,11.8,12.0,135650
MCV,05/22/2009,11.5,12.0,11.4,11.4,445320
MCV,05/21/2009,12.6,12.6,12.0,12.0,559990
MCV,05/20/2009,12.0,12.0,12.0,12.0,78050
MCV,05/19/2009,11.4,11.4,11.4,11.4,44070
MCV,05/18/2009,10.9,10.9,10.6,10.9,397480
MCV,05/15/2009,9.9,10.4,9.8,10.4,276840
MCV,05/14/2009,10.0,10.0,9.6,9.9,326790
MCV,05/13/2009,9.7,9.7,9.5,9.7,325330
MCV,05/12/2009,9.3,9.3,9.2,9.3,169960
MCV,05/11/2009,8.8,9.0,8.7,8.9,151800
MCV,05/08/2009,8.7,8.9,8.7,8.8,95180
MCV,05/07/2009,8.9,8.9,8.7,8.9,100870
MCV,05/06/2009,8.8,9.0,8.7,8.7,163270
MCV,05/05/2009,9.3,9.3,9.1,9.1,231860
MCV,05/04/2009,8.9,8.9,8.9,8.9,71430
MCV,04/29/2009,8.5,8.5,8.3,8.5,94890
MCV,04/28/2009,7.7,8.1,7.7,8.1,67370
MCV,04/27/2009,7.9,8.1,7.8,7.8,48060
MCV,04/24/2009,8.2,8.2,7.9,8.0,80590
MCV,04/23/2009,8.2,8.4,8.1,8.2,76560
MCV,04/22/2009,8.5,8.5,8.0,8.4,71890
MCV,04/21/2009,8.0,8.3,8.0,8.2,171340
MCV,04/20/2009,8.4,8.4,8.4,8.4,80490
MCV,04/17/2009,8.8,9.0,8.8,8.8,110860
MCV,04/16/2009,9.1,9.2,8.7,9.2,243860
MCV,04/15/2009,9.0,9.3,9.0,9.0,122480
MCV,04/14/2009,9.5,9.7,9.3,9.5,258960
MCV,04/13/2009,9.4,9.5,9.3,9.5,310740
MCV,04/10/2009,9.1,9.1,9.0,9.1,156730
MCV,04/09/2009,8.9,8.9,8.7,8.7,204620
MCV,04/08/2009,9.1,9.4,9.1,9.1,152740
MCV,04/07/2009,9.5,9.7,9.2,9.6,307410
MCV,04/03/2009,9.7,10.0,9.4,9.7,420110
MCV,04/02/2009,9.5,9.5,9.1,9.5,470580
MCV,04/01/2009,9.1,9.1,9.1,9.1,13080
MCV,03/31/2009,8.5,8.7,8.5,8.7,122410
MCV,03/30/2009,8.1,8.3,8.0,8.3,240930
MCV,03/27/2009,7.9,7.9,7.7,7.9,296180
MCV,03/26/2009,7.7,7.7,7.4,7.6,127850
MCV,03/25/2009,7.4,7.7,7.4,7.5,140860
MCV,03/24/2009,7.4,7.5,7.4,7.4,44890
MCV,03/23/2009,7.3,7.4,7.2,7.2,35170
MCV,03/20/2009,7.2,7.5,7.2,7.4,33510
MCV,03/19/2009,7.7,7.7,7.4,7.4,154880
MCV,03/18/2009,7.5,7.6,7.4,7.5,89870
MCV,03/17/2009,7.2,7.3,7.2,7.3,94480
MCV,03/16/2009,7.1,7.2,7.0,7.1,43970
MCV,03/13/2009,7.0,7.2,7.0,7.1,48070
MCV,03/12/2009,7.0,7.3,6.9,7.0,69080
MCV,03/11/2009,7.2,7.2,7.1,7.2,60930
MCV,03/10/2009,6.9,6.9,6.9,6.9,71010
MCV,03/09/2009,6.4,6.6,6.4,6.6,43370
MCV,03/06/2009,6.2,6.3,6.2,6.3,12150
MCV,03/05/2009,6.3,6.4,6.3,6.3,21070
MCV,03/04/2009,6.1,6.2,6.1,6.2,9740
MCV,03/03/2009,6.0,6.2,6.0,6.0,9560
MCV,03/02/2009,6.1,6.3,6.1,6.2,26570
MCV,02/27/2009,6.3,6.4,6.2,6.3,15110
MCV,02/26/2009,6.2,6.2,6.1,6.2,23540
MCV,02/25/2009,6.1,6.1,6.1,6.1,10510
MCV,02/24/2009,5.9,5.9,5.9,5.9,24360
MCV,02/23/2009,6.4,6.4,6.1,6.1,29710
MCV,02/20/2009,6.4,6.4,6.3,6.4,12000
MCV,02/19/2009,6.3,6.4,6.3,6.4,17760
MCV,02/18/2009,6.3,6.3,6.2,6.2,39880
MCV,02/17/2009,6.6,6.6,6.4,6.5,10270
MCV,02/16/2009,6.7,6.7,6.6,6.6,16540
MCV,02/13/2009,6.8,6.9,6.7,6.8,11420
MCV,02/12/2009,6.6,6.8,6.6,6.8,20660
MCV,02/11/2009,6.6,6.9,6.6,6.6,21280
MCV,02/10/2009,6.8,6.9,6.8,6.8,14070
MCV,02/09/2009,7.0,7.0,6.9,7.0,20460
MCV,02/06/2009,6.9,7.0,6.7,6.7,23040
MCV,02/05/2009,7.0,7.0,6.7,6.7,20610
MCV,02/04/2009,6.9,7.1,6.8,7.0,15190
MCV,02/03/2009,7.1,7.1,7.0,7.0,27910
MCV,02/02/2009,7.3,7.4,7.2,7.3,5650
MCV,01/23/2009,7.1,7.3,7.1,7.3,11450
MCV,01/22/2009,7.1,7.1,7.0,7.1,7460
MCV,01/21/2009,7.0,7.1,6.9,6.9,12750
MCV,01/20/2009,7.0,7.0,6.9,6.9,10030
MCV,01/19/2009,7.0,7.0,6.9,6.9,16960
MCV,01/16/2009,6.9,7.1,6.9,6.9,21990
MCV,01/15/2009,7.1,7.1,6.9,6.9,29130
MCV,01/14/2009,6.8,7.1,6.8,7.1,23380
MCV,01/13/2009,7.0,7.3,6.9,6.9,37030
MCV,01/12/2009,7.5,7.5,7.1,7.1,5300
MCV,01/09/2009,7.5,7.5,7.1,7.3,10740
MCV,01/08/2009,7.3,7.5,7.2,7.3,47150
MCV,01/07/2009,7.8,7.9,7.5,7.5,50060
MCV,01/06/2009,7.6,7.8,7.6,7.7,29580
MCV,01/05/2009,7.5,7.7,7.4,7.7,39000
MCV,01/02/2009,7.7,7.7,7.4,7.4,56940
MCV,12/31/2008,7.6,7.7,7.3,7.7,154230
MCV,12/30/2008,7.3,7.4,7.0,7.4,140170
MCV,12/29/2008,7.1,7.1,7.1,7.1,12720
MCV,12/26/2008,6.8,6.8,6.8,6.8,7210
MCV,12/25/2008,6.6,6.7,6.5,6.5,16670
MCV,12/24/2008,6.4,6.8,6.4,6.6,8050
MCV,12/23/2008,6.6,6.6,6.5,6.6,29890
MCV,12/22/2008,6.8,6.8,6.7,6.8,29140
MCV,12/19/2008,6.5,6.7,6.4,6.7,13120
MCV,12/18/2008,6.6,6.6,6.4,6.6,16610
MCV,12/17/2008,6.7,6.8,6.3,6.4,40600
MCV,12/16/2008,6.8,6.8,6.5,6.5,41380
MCV,12/15/2008,6.8,6.8,6.6,6.8,49120
MCV,12/12/2008,6.4,6.5,6.3,6.5,32440
MCV,12/11/2008,6.2,6.4,6.2,6.2,19650
MCV,12/10/2008,6.3,6.3,6.2,6.2,31170
MCV,12/09/2008,6.7,6.9,6.5,6.5,22290
MCV,12/08/2008,6.8,6.9,6.7,6.7,33020
MCV,12/05/2008,7.1,7.2,7.0,7.0,30260
MCV,12/04/2008,7.2,7.3,7.0,7.3,10390
MCV,12/03/2008,7.4,7.4,7.0,7.1,13850
MCV,12/02/2008,7.3,7.3,7.1,7.1,9500
MCV,12/01/2008,7.3,7.5,7.3,7.3,22590
MCV,11/28/2008,7.5,7.5,7.4,7.5,27970
MCV,11/27/2008,7.3,7.3,7.2,7.2,38280
MCV,11/26/2008,7.5,7.6,7.5,7.5,21510
MCV,11/25/2008,7.9,7.9,7.7,7.7,33770
MCV,11/24/2008,8.0,8.0,7.8,7.8,27950
MCV,11/21/2008,7.9,8.1,7.9,8.0,56580
MCV,11/20/2008,8.4,8.4,8.2,8.3,44000
MCV,11/19/2008,8.8,8.8,8.5,8.6,17150
MCV,11/18/2008,8.5,8.6,8.5,8.6,26660
MCV,11/17/2008,8.8,8.8,8.7,8.7,41260
MCV,11/14/2008,8.9,8.9,8.7,8.9,40010
MCV,11/13/2008,8.5,8.8,8.5,8.7,44540
MCV,11/12/2008,8.5,8.8,8.5,8.7,41080
MCV,11/11/2008,8.8,9.0,8.7,8.7,64840
MCV,11/10/2008,8.9,9.0,8.8,8.9,66900
MCV,11/07/2008,8.7,9.3,8.7,8.8,79890
MCV,11/06/2008,9.0,9.7,9.0,9.0,85430
MCV,11/05/2008,9.5,9.5,9.3,9.5,113450
MCV,11/04/2008,8.7,9.1,8.6,9.1,94850
MCV,11/03/2008,8.8,9.0,8.7,8.8,40930
MCV,10/31/2008,8.9,9.0,8.8,9.0,40690
MCV,10/30/2008,9.0,9.2,8.7,8.9,40080
MCV,10/29/2008,9.0,9.0,8.6,9.0,138170
MCV,10/28/2008,8.5,8.9,8.5,8.6,126050
MCV,10/27/2008,9.0,9.2,8.9,8.9,69700
MCV,10/24/2008,8.8,9.2,8.6,9.2,58710
MCV,10/23/2008,8.9,9.0,8.8,8.8,79600
MCV,10/22/2008,9.3,9.3,9.2,9.3,74620
MCV,10/21/2008,9.8,9.8,9.6,9.7,27690
MCV,10/20/2008,9.9,10.0,9.5,9.6,20990
MCV,10/17/2008,9.6,9.9,9.4,9.9,37990
MCV,10/16/2008,9.8,10.1,9.8,9.8,63140
MCV,10/15/2008,10.1,10.3,9.7,10.3,108060
MCV,10/14/2008,10.1,10.1,10.1,10.1,2600
MCV,10/13/2008,9.8,9.8,9.2,9.6,55790
MCV,10/10/2008,9.5,9.5,9.5,9.5,42180
MCV,10/09/2008,10.0,10.8,10.0,10.0,124480
MCV,10/08/2008,10.5,10.5,10.5,10.5,26340
MCV,10/07/2008,11.0,11.0,11.0,11.0,6750
MCV,10/06/2008,11.5,11.6,11.5,11.5,54720
MCV,10/03/2008,11.8,12.2,11.8,12.0,79890
MCV,10/02/2008,11.3,11.8,11.3,11.8,141390
MCV,10/01/2008,11.6,11.8,10.8,11.3,106160
MCV,09/30/2008,11.3,11.3,11.3,11.3,3780
MCV,09/29/2008,11.9,12.4,11.8,11.8,116730
MCV,09/26/2008,12.4,12.4,11.9,12.4,171200
MCV,09/25/2008,11.9,12.2,11.9,11.9,266880
MCV,09/24/2008,12.5,12.5,12.5,12.5,5500
MCV,09/23/2008,13.1,13.6,13.1,13.1,232340
MCV,09/22/2008,13.8,13.8,13.8,13.8,104520
MCV,09/19/2008,12.4,13.6,12.4,13.2,611140
MCV,09/18/2008,13.0,13.0,13.0,13.0,210
MCV,09/17/2008,13.6,13.6,13.6,13.6,3010
MCV,09/16/2008,14.3,14.3,14.3,14.3,7170
MCV,09/15/2008,15.0,15.0,15.0,15.0,19970
MCV,09/12/2008,15.8,15.8,15.8,15.8,330
MCV,09/11/2008,16.6,16.6,16.6,16.6,1210
MCV,09/10/2008,17.4,17.4,17.4,17.4,7870
MCV,09/09/2008,18.2,18.2,18.2,18.2,6850
MCV,09/08/2008,19.1,19.1,19.1,19.1,55620
MCV,09/05/2008,20.0,20.1,19.9,20.1,611840
MCV,09/04/2008,19.2,19.2,17.7,19.2,406970
MCV,09/03/2008,18.4,18.4,18.4,18.4,276670
MCV,08/29/2008,17.6,17.6,17.6,17.6,311010
MCV,08/28/2008,16.8,16.8,15.2,16.8,495020
MCV,08/27/2008,16.0,16.0,16.0,16.0,10680
MCV,08/26/2008,15.3,15.3,15.3,15.3,1050
MCV,08/25/2008,14.6,14.6,14.6,14.6,64030
MCV,08/22/2008,13.9,13.9,13.9,13.9,4590
MCV,08/21/2008,13.3,13.3,13.3,13.3,26300
MCV,08/20/2008,12.7,12.7,12.7,12.7,177770
MCV,08/19/2008,12.2,12.2,12.2,12.2,56610
MCV,08/18/2008,11.7,11.7,11.7,11.7,23820
MCV,08/15/2008,11.2,11.2,11.2,11.2,7670
MCV,08/14/2008,10.9,10.9,10.9,10.9,14490
MCV,08/13/2008,10.6,10.6,10.6,10.6,26070
MCV,08/12/2008,10.4,10.4,10.0,10.4,189240
MCV,08/11/2008,10.2,10.2,10.2,10.2,7700
MCV,08/08/2008,10.0,10.0,10.0,10.0,10030
MCV,08/07/2008,9.8,9.8,9.8,9.8,4730
MCV,08/06/2008,9.6,9.6,9.6,9.6,3700
MCV,08/05/2008,9.4,9.4,9.4,9.4,38080
MCV,08/04/2008,9.2,9.2,9.2,9.2,111280
MCV,08/01/2008,9.0,9.1,9.0,9.0,50270
MCV,07/31/2008,9.2,9.4,9.2,9.2,37630
MCV,07/30/2008,9.4,9.4,9.0,9.4,59600
MCV,07/29/2008,9.2,9.2,9.2,9.2,32630
MCV,07/28/2008,8.8,9.0,8.6,9.0,99030
MCV,07/25/2008,8.8,8.8,8.8,8.8,8010
MCV,07/24/2008,9.0,9.0,9.0,9.0,22930
MCV,07/23/2008,9.2,9.2,9.2,9.2,1100
MCV,07/22/2008,9.4,9.4,9.4,9.4,4710
MCV,07/21/2008,9.6,9.6,9.6,9.6,2890
MCV,07/18/2008,9.8,9.8,9.8,9.8,19250
MCV,07/17/2008,10.0,10.2,10.0,10.0,55350
MCV,07/16/2008,10.0,10.4,10.0,10.2,55590
MCV,07/15/2008,10.2,10.2,10.2,10.2,36880
MCV,07/14/2008,10.0,10.0,9.9,10.0,39430
MCV,07/11/2008,9.6,9.8,9.6,9.8,55920
MCV,07/10/2008,9.8,9.8,9.4,9.6,36640
MCV,07/09/2008,9.7,9.7,9.5,9.6,24700
MCV,07/08/2008,9.4,9.5,9.4,9.5,38670
MCV,07/07/2008,10.0,10.0,9.6,9.6,108560
MCV,07/04/2008,9.8,9.8,9.8,9.8,28170
MCV,07/03/2008,9.4,9.6,9.4,9.6,49500
MCV,07/02/2008,9.6,9.6,9.2,9.4,40270
MCV,07/01/2008,9.1,9.4,9.1,9.4,39470
MCV,06/30/2008,9.2,9.3,9.2,9.2,24540
MCV,06/27/2008,9.4,9.4,9.4,9.4,14610
MCV,06/26/2008,10.0,10.0,9.6,9.6,19040
MCV,06/25/2008,9.8,9.8,9.6,9.8,16510
MCV,06/24/2008,9.5,9.6,9.4,9.6,25690
MCV,06/23/2008,9.4,9.6,9.4,9.4,23770
MCV,06/20/2008,9.6,9.6,9.6,9.6,2750
MCV,06/19/2008,9.8,9.8,9.8,9.8,740
MCV,06/18/2008,10.2,10.2,10.0,10.0,39220
MCV,06/17/2008,10.2,10.2,10.2,10.2,14450
MCV,06/16/2008,10.0,10.0,10.0,10.0,10420
MCV,06/13/2008,9.8,9.8,9.8,9.8,14470
MCV,06/12/2008,9.6,9.6,9.4,9.6,21920
MCV,06/11/2008,9.0,9.4,9.0,9.4,41560
MCV,06/10/2008,9.2,9.2,9.2,9.2,1570
MCV,06/09/2008,9.4,9.4,9.4,9.4,200
MCV,06/06/2008,9.6,9.6,9.6,9.6,260
MCV,06/05/2008,10.0,10.0,9.8,9.8,420
MCV,06/04/2008,10.0,10.0,10.0,10.0,500
MCV,06/02/2008,10.2,10.2,10.2,10.2,1930
MCV,05/30/2008,10.4,10.4,10.4,10.4,1320
MCV,05/26/2008,10.6,10.6,10.6,10.6,290
MCV,05/23/2008,10.8,10.8,10.8,10.8,300
MCV,05/22/2008,11.2,11.0,11.0,11.0,210
MCV,05/21/2008,11.2,11.2,11.2,11.2,150
MCV,05/20/2008,11.4,11.4,11.4,11.4,400
MCV,05/19/2008,11.8,11.8,11.6,11.6,730
MCV,05/16/2008,11.8,11.8,11.8,11.8,10640
MCV,05/15/2008,12.0,12.0,12.0,12.0,2000
MCV,05/14/2008,12.2,12.2,12.2,12.2,140
MCV,05/13/2008,12.4,12.4,12.4,12.4,530
MCV,05/12/2008,12.6,12.6,12.6,12.6,440
MCV,05/09/2008,12.8,12.8,12.8,12.8,1170
MCV,05/08/2008,13.0,13.0,13.0,13.0,1580
MCV,05/07/2008,13.2,13.2,13.2,13.2,16070
MCV,05/06/2008,13.5,13.5,13.3,13.4,77140
MCV,05/05/2008,13.3,13.3,13.2,13.3,74840
MCV,04/29/2008,13.2,13.2,13.1,13.1,53610
MCV,04/28/2008,13.0,13.0,12.9,13.0,37360
MCV,04/25/2008,12.8,12.8,12.8,12.8,17600
MCV,04/24/2008,12.6,12.6,12.6,12.6,9580
MCV,04/23/2008,12.8,12.8,12.8,12.8,6080
MCV,04/22/2008,12.8,13.2,12.8,13.0,17920
MCV,04/21/2008,12.8,13.0,12.8,13.0,9820
MCV,04/18/2008,13.0,13.1,13.0,13.0,16300
MCV,04/17/2008,12.8,13.2,12.8,13.2,20180
MCV,04/16/2008,13.0,13.0,13.0,13.0,2650
MCV,04/11/2008,13.2,13.2,13.2,13.2,2850
MCV,04/10/2008,13.2,13.4,13.2,13.4,17750
MCV,04/09/2008,13.4,13.8,13.4,13.4,28130
MCV,04/08/2008,13.7,13.7,13.5,13.6,60240
MCV,04/07/2008,13.5,13.5,13.5,13.5,70
MCV,04/04/2008,13.3,13.3,13.3,13.3,100
MCV,04/03/2008,13.2,13.2,13.2,13.2,2100
MCV,04/02/2008,13.1,13.1,13.1,13.1,50
MCV,04/01/2008,13.0,13.0,13.0,13.0,400
MCV,03/31/2008,12.9,12.9,12.9,12.9,6400
MCV,03/28/2008,12.8,12.8,12.8,12.8,3910
MCV,03/27/2008,12.7,12.7,12.7,12.7,2600
MCV,03/26/2008,12.5,12.9,12.4,12.6,29780
MCV,03/25/2008,12.5,12.5,12.5,12.5,43240
MCV,03/24/2008,13.1,13.2,13.1,13.1,15000
MCV,03/21/2008,14.5,14.5,13.8,13.8,21820
MCV,03/20/2008,14.7,14.9,14.4,14.5,21310
MCV,03/19/2008,14.4,14.9,14.2,14.5,22700
MCV,03/18/2008,14.4,15.0,14.4,14.4,53190
MCV,03/17/2008,15.5,15.8,15.2,15.2,54360
MCV,03/14/2008,15.4,16.0,15.4,16.0,19330
MCV,03/13/2008,15.7,15.8,15.1,15.8,24350
MCV,03/12/2008,15.3,16.1,15.1,15.1,17440
MCV,03/11/2008,15.6,15.6,15.3,15.3,38050
MCV,03/10/2008,16.8,16.8,16.1,16.1,57000
MCV,03/07/2008,15.9,15.9,15.9,16.0,550
MCV,03/06/2008,15.2,15.2,15.2,15.2,4720
MCV,03/05/2008,14.5,14.5,14.5,14.5,13150
MCV,03/04/2008,15.2,15.2,15.2,15.2,5800
MCV,03/03/2008,16.0,16.3,15.9,15.9,43830
MCV,02/29/2008,17.0,17.4,16.7,16.7,15530
MCV,02/28/2008,17.8,17.8,17.4,17.4,22540
MCV,02/27/2008,17.5,18.1,17.4,17.4,43670
MCV,02/26/2008,18.7,18.7,17.5,17.5,30360
MCV,02/25/2008,18.1,18.4,18.1,18.4,45750
MCV,02/22/2008,17.2,17.6,17.2,17.6,56750
MCV,02/21/2008,18.1,18.1,18.1,18.1,2510
MCV,02/20/2008,19.3,19.8,19.0,19.0,32280
MCV,02/19/2008,18.9,20.0,18.9,20.0,13780
MCV,02/18/2008,19.6,19.9,19.6,19.6,42760
MCV,02/15/2008,20.7,20.7,20.2,20.6,54860
MCV,02/14/2008,20.0,20.5,20.0,20.5,50670
MCV,02/13/2008,20.1,20.1,19.5,19.5,39580
MCV,02/12/2008,21.5,21.5,20.4,20.5,50280
MCV,02/01/2008,20.8,21.4,20.8,21.4,74870
MCV,01/31/2008,19.7,20.4,19.3,20.4,88580
MCV,01/30/2008,19.6,19.6,19.6,19.6,22060
MCV,01/29/2008,17.9,18.7,17.9,18.7,41710
MCV,01/28/2008,17.8,17.9,17.8,17.9,27640
MCV,01/25/2008,17.7,18.0,17.7,17.8,25150
MCV,01/24/2008,17.8,18.2,17.7,17.7,25850
MCV,01/23/2008,17.7,18.0,17.7,17.7,46730
MCV,01/22/2008,18.7,19.0,18.6,18.6,34940
MCV,01/21/2008,18.9,19.3,18.9,19.1,4370
MCV,01/18/2008,19.3,19.5,19.0,19.3,31190
MCV,01/17/2008,19.6,19.6,18.9,18.9,50260
MCV,01/16/2008,19.3,19.6,19.3,19.6,29580
MCV,01/15/2008,18.7,18.9,18.7,18.7,17850
MCV,01/14/2008,20.4,20.4,19.7,19.7,26410
MCV,01/11/2008,20.4,20.8,20.4,20.7,7740
MCV,01/10/2008,20.5,20.6,20.4,20.4,24450
MCV,01/09/2008,21.7,21.8,21.3,21.3,13120
MCV,01/08/2008,21.2,22.6,21.2,21.7,23190
MCV,01/07/2008,21.5,21.9,21.5,21.6,17760
MCV,01/04/2008,22.7,22.7,22.6,22.6,9400
MCV,01/03/2008,22.9,22.9,22.4,22.5,9420
MCV,01/02/2008,22.9,23.2,22.2,23.0,11240
MCV,12/28/2007,23.0,23.3,23.0,23.2,8750
MCV,12/27/2007,24.2,24.2,23.2,23.3,31530
MCV,12/26/2007,23.0,23.4,23.0,23.1,38630
MCV,12/25/2007,23.6,23.6,23.3,23.6,32990
MCV,12/24/2007,24.3,24.3,24.0,24.2,29110
MCV,12/21/2007,24.0,24.6,23.7,24.6,42560
MCV,12/20/2007,24.9,24.9,24.0,24.4,41610
MCV,12/19/2007,24.2,24.9,24.2,24.9,24360
MCV,12/18/2007,23.6,23.8,23.0,23.8,20300
MCV,12/17/2007,24.2,24.2,23.9,23.9,18190
MCV,12/14/2007,24.3,24.5,24.2,24.2,21570
MCV,12/13/2007,24.6,24.8,24.3,24.3,11950
MCV,12/12/2007,24.0,25.1,24.0,24.8,15530
MCV,12/11/2007,24.8,24.9,24.2,24.4,20260
MCV,12/10/2007,25.4,25.4,25.0,25.0,14950
MCV,12/07/2007,25.4,25.6,25.4,25.4,20280
MCV,12/06/2007,25.3,25.6,25.3,25.4,20770
MCV,12/05/2007,25.1,25.5,25.1,25.3,68230
MCV,12/04/2007,26.1,26.1,25.6,25.9,45950
MCV,12/03/2007,26.4,26.4,26.1,26.3,17630
MCV,11/30/2007,26.7,26.7,25.5,26.4,16860
MCV,11/29/2007,26.1,26.7,26.1,26.7,35360
MCV,11/28/2007,27.4,27.4,26.9,27.2,153750
MCV,11/27/2007,26.1,26.1,26.1,26.1,14620
MCV,11/26/2007,24.7,24.9,24.6,24.9,22530
MCV,11/23/2007,24.9,25.1,24.4,24.8,9180
MCV,11/22/2007,24.6,25.5,24.6,24.9,8730
MCV,11/21/2007,24.3,25.6,24.2,24.6,23640
MCV,11/20/2007,25.1,25.3,25.0,25.0,21150
MCV,11/19/2007,25.0,25.6,25.0,25.2,8980
MCV,11/16/2007,25.1,25.6,25.1,25.1,13580
MCV,11/15/2007,25.6,25.6,24.4,25.3,35480
MCV,11/14/2007,25.5,25.6,25.0,25.6,37650
MCV,11/13/2007,24.9,25.5,24.4,24.4,35100
MCV,11/12/2007,26.2,26.5,25.6,25.6,33930
MCV,11/09/2007,26.9,27.4,26.2,26.5,25420
MCV,11/08/2007,28.1,28.4,27.5,27.5,48730
MCV,11/07/2007,26.6,27.5,26.6,27.4,23930
MCV,11/06/2007,25.8,26.9,25.7,26.2,39370
MCV,11/05/2007,27.2,27.5,26.9,26.9,43960
MCV,11/02/2007,28.4,28.4,28.0,28.0,39050
MCV,11/01/2007,28.1,28.7,27.8,28.4,46170
MCV,10/31/2007,28.4,29.0,28.4,28.7,27410
MCV,10/30/2007,29.0,29.0,28.4,28.4,83340
MCV,10/29/2007,30.1,30.1,29.0,29.0,150030
MCV,10/26/2007,28.7,29.9,28.7,29.0,122460
MCV,10/25/2007,29.9,29.9,28.7,28.7,133160
MCV,10/24/2007,29.0,29.9,28.8,29.9,42170
MCV,10/23/2007,29.3,29.6,29.1,29.2,93390
MCV,10/22/2007,30.2,30.2,29.3,30.2,43660
MCV,10/19/2007,30.0,30.3,29.7,30.2,70230
MCV,10/18/2007,31.8,31.8,30.6,30.9,110070
MCV,10/17/2007,31.2,31.8,31.2,31.8,232360
MCV,10/16/2007,30.2,30.6,30.2,30.6,115680
MCV,10/15/2007,29.3,30.2,29.0,30.2,86300
MCV,10/12/2007,28.7,30.2,28.7,29.3,75580
MCV,10/11/2007,30.3,30.5,29.3,29.6,79750
MCV,10/10/2007,31.1,31.1,30.5,30.5,54510
MCV,10/09/2007,29.3,31.1,29.0,31.1,128520
MCV,10/08/2007,33.1,33.1,29.9,29.9,258570
MCV,10/05/2007,31.5,31.5,31.5,31.5,80180
MCV,10/04/2007,30.0,30.0,30.0,30.0,59890
MCV,10/03/2007,28.6,28.6,28.6,28.6,189620
MCV,10/02/2007,26.8,27.3,26.1,27.3,238250
MCV,10/01/2007,26.9,26.9,26.2,26.2,57390
MCV,09/28/2007,25.0,26.0,25.0,26.0,58600
MCV,09/27/2007,24.7,25.5,24.7,24.8,34400
MCV,09/26/2007,26.0,26.0,25.6,25.6,49130
MCV,09/25/2007,25.7,26.0,25.7,25.7,66360
MCV,09/24/2007,25.9,26.0,25.7,26.0,63810
MCV,09/21/2007,25.7,25.7,25.1,25.6,35050
MCV,09/20/2007,26.3,26.3,25.7,25.7,90410
MCV,09/19/2007,26.6,26.6,26.3,26.3,128700
MCV,09/18/2007,26.2,26.2,25.4,26.2,248290
MCV,09/17/2007,25.0,25.0,25.0,25.0,103200
MCV,09/14/2007,23.3,23.8,23.2,23.8,71720
MCV,09/13/2007,22.7,22.9,22.6,22.7,31880
MCV,09/12/2007,23.5,23.9,23.5,23.5,111440
MCV,09/11/2007,24.7,24.7,24.7,24.7,36290
MCV,09/10/2007,22.9,23.6,22.9,23.6,59580
MCV,09/07/2007,22.0,22.5,22.0,22.5,27390
MCV,09/06/2007,22.5,22.5,22.3,22.4,22520
MCV,09/05/2007,23.2,23.2,22.3,22.4,48630
MCV,09/04/2007,22.3,22.5,21.9,22.4,78040
MCV,08/31/2007,21.3,21.6,21.2,21.6,47810
MCV,08/30/2007,20.8,20.9,20.8,20.9,9770
MCV,08/29/2007,20.7,20.8,20.6,20.6,12480
MCV,08/28/2007,20.7,20.8,20.5,20.6,23000
MCV,08/27/2007,21.3,21.3,20.7,20.7,23970
MCV,08/24/2007,20.5,20.7,20.5,20.7,7900
MCV,08/23/2007,20.1,20.1,19.9,20.1,12820
MCV,08/22/2007,20.3,20.6,19.5,20.1,18720
MCV,08/21/2007,20.4,20.6,20.3,20.4,8600
MCV,08/20/2007,20.8,20.9,20.5,20.5,10720
MCV,08/17/2007,20.2,20.8,20.2,20.8,10390
MCV,08/16/2007,20.7,20.8,20.6,20.6,31260
MCV,08/15/2007,20.8,21.0,20.8,21.0,10190
MCV,08/14/2007,20.7,21.3,20.7,20.8,19200
MCV,08/13/2007,20.7,21.0,20.5,20.7,19290
MCV,08/10/2007,21.6,21.6,21.3,21.3,17670
MCV,08/09/2007,21.9,21.9,21.6,21.9,22660
MCV,08/08/2007,21.0,21.3,21.0,21.3,9440
MCV,08/07/2007,21.0,21.0,20.7,21.0,14440
MCV,08/06/2007,20.7,20.9,20.7,20.7,23570
MCV,08/03/2007,21.6,21.6,21.2,21.3,13360
MCV,08/02/2007,22.5,22.5,21.9,21.9,19720
MCV,08/01/2007,20.4,22.2,20.4,22.2,65510
MCV,07/31/2007,21.6,21.8,21.4,21.4,40420
MCV,07/30/2007,23.0,23.0,22.5,22.5,18070
MCV,07/27/2007,23.4,23.4,23.4,23.4,16440
MCV,07/26/2007,23.7,23.7,23.4,23.4,24760
MCV,07/25/2007,23.8,23.8,23.7,23.7,13640
MCV,07/24/2007,23.6,24.0,23.6,24.0,16000
MCV,07/23/2007,24.6,24.6,24.2,24.2,28360
MCV,07/20/2007,24.3,24.3,24.3,24.3,21140
MCV,07/19/2007,23.9,24.3,23.9,24.3,36040
MCV,07/18/2007,24.4,24.4,23.9,23.9,24920
MCV,07/17/2007,23.7,24.5,23.7,24.5,16780
MCV,07/16/2007,24.0,23.7,23.6,23.6,24680
MCV,07/13/2007,24.0,24.0,24.0,24.0,16210
MCV,07/12/2007,24.3,24.3,24.0,24.0,16100
MCV,07/11/2007,25.2,24.9,24.6,24.6,34790
MCV,07/10/2007,24.6,24.9,24.6,24.9,62750
MCV,07/09/2007,24.9,24.9,24.3,24.3,26290
MCV,07/06/2007,24.3,24.3,24.3,24.3,23440
MCV,07/05/2007,25.4,25.4,24.3,24.3,95220
MCV,07/04/2007,23.1,24.2,23.1,24.2,30380
MCV,07/03/2007,23.1,23.1,23.1,23.1,50230
MCV,07/02/2007,26.1,26.1,24.3,24.3,47520
MCV,06/29/2007,25.4,25.5,25.4,25.5,86280
MCV,06/28/2007,26.7,26.7,26.7,26.7,5640
MCV,06/27/2007,28.1,28.1,28.1,28.1,37240
MCV,06/26/2007,29.5,29.5,29.5,29.5,242150
MCV,06/25/2007,28.1,28.1,28.1,28.1,103930
MCV,06/22/2007,26.8,26.8,26.8,26.8,85100
MCV,06/21/2007,25.6,25.6,25.6,25.6,119780
MCV,06/20/2007,23.6,24.4,23.6,24.4,66700
MCV,06/19/2007,23.6,23.6,23.3,23.3,31620
MCV,06/18/2007,23.6,23.6,23.6,23.6,15410
MCV,06/15/2007,23.0,23.3,23.0,23.3,11850
MCV,06/14/2007,23.6,23.6,23.3,23.3,6220
MCV,06/13/2007,23.6,23.6,23.6,23.6,37900
MCV,06/12/2007,23.6,23.6,23.6,23.6,46530
MCV,06/11/2007,23.9,23.9,23.0,23.6,35090
MCV,06/08/2007,24.3,24.3,23.9,23.9,45120
MCV,06/07/2007,23.3,23.6,23.3,23.6,23460
MCV,06/06/2007,23.3,23.3,23.0,23.0,16020
MCV,06/05/2007,23.4,23.4,23.3,23.3,15700
MCV,06/04/2007,23.3,23.3,23.3,23.3,7460
MCV,06/01/2007,23.6,23.6,23.6,23.6,16500
MCV,05/31/2007,23.6,23.6,23.6,23.6,16240
MCV,05/30/2007,23.8,23.8,23.6,23.6,8500
MCV,05/29/2007,23.9,23.9,23.6,23.8,8880
MCV,05/28/2007,24.2,24.2,23.9,23.9,14020
MCV,05/25/2007,23.6,24.5,23.6,24.5,11120
MCV,05/24/2007,23.6,24.8,23.6,23.6,27650
MCV,05/23/2007,24.6,24.2,24.2,24.2,39310
MCV,05/22/2007,22.8,23.9,22.8,23.9,19990
MCV,05/21/2007,23.6,23.9,23.6,23.9,16310
MCV,05/18/2007,23.6,23.6,23.6,23.6,25520
MCV,05/17/2007,22.5,23.6,22.5,23.6,27440
MCV,05/16/2007,23.6,23.6,23.0,23.6,17920
MCV,05/15/2007,24.2,24.2,23.6,23.6,9100
MCV,05/14/2007,23.7,23.8,23.7,23.8,8500
MCV,05/11/2007,22.9,23.7,22.9,23.7,4600
MCV,05/10/2007,24.7,24.7,23.5,23.5,1840
MCV,05/09/2007,25.2,25.2,24.4,24.7,10520
MCV,05/08/2007,24.0,24.0,24.0,24.0,4550
MCV,05/07/2007,23.5,22.9,22.9,22.9,11280
MCV,05/04/2007,23.4,23.4,23.1,23.1,5610
MCV,05/03/2007,22.8,23.3,22.8,23.3,4490
MCV,05/02/2007,24.0,24.0,23.7,23.7,2140
MCV,04/25/2007,24.3,24.3,24.3,24.3,2440
MCV,04/24/2007,24.3,24.3,23.5,24.3,23630
MCV,04/23/2007,24.3,24.7,23.8,24.7,17940
MCV,04/20/2007,23.7,24.9,23.5,24.9,20150
MCV,04/19/2007,24.7,24.7,24.7,24.7,21460
MCV,04/18/2007,21.3,23.5,21.3,23.5,27740
MCV,04/17/2007,22.4,22.4,22.4,22.4,13070
MCV,04/16/2007,23.6,23.6,23.6,23.6,10600
MCV,04/13/2007,24.9,24.9,24.8,24.8,7760
MCV,04/12/2007,27.2,27.2,26.1,26.1,4480
MCV,04/11/2007,27.4,27.4,26.7,26.7,2710
MCV,04/10/2007,26.6,27.4,26.6,27.4,22550
MCV,04/09/2007,26.6,26.6,26.1,26.1,4430
MCV,04/06/2007,25.6,26.6,25.6,26.6,16760
MCV,04/05/2007,25.6,25.6,25.6,25.6,13480
MCV,04/04/2007,26.0,26.9,26.0,26.9,5480
MCV,04/03/2007,26.6,26.6,26.4,26.4,2980
MCV,04/02/2007,28.4,28.4,27.8,27.8,9680
MCV,03/30/2007,27.5,28.8,27.5,28.4,17260
MCV,03/29/2007,24.9,27.5,24.9,27.5,12520
MCV,03/28/2007,26.5,26.5,26.2,26.2,4310
MCV,03/27/2007,27.5,27.5,27.5,27.5,3740
MCV,03/26/2007,30.1,30.1,28.9,28.9,5060
MCV,03/23/2007,29.2,30.1,29.2,30.1,6690
MCV,03/22/2007,31.0,31.0,30.1,30.1,14100
MCV,03/21/2007,31.3,31.3,31.3,31.3,16460
MCV,03/20/2007,32.5,34.0,32.5,32.5,32410
MCV,03/19/2007,31.0,32.5,31.0,32.5,23900
MCV,03/16/2007,32.5,32.5,31.0,31.0,8530
MCV,03/15/2007,32.8,32.8,32.5,32.5,4840
MCV,03/14/2007,34.0,35.5,34.0,34.0,11020
MCV,03/13/2007,35.5,35.5,35.5,35.5,26350
MCV,03/12/2007,35.5,35.5,35.5,35.5,65280
MCV,03/09/2007,35.2,35.5,35.2,35.5,23550
MCV,03/08/2007,33.1,34.0,33.1,34.0,61700
MCV,03/07/2007,32.4,32.4,30.0,32.5,17150
MCV,03/06/2007,31.0,31.6,31.0,31.0,69810
MCV,03/05/2007,30.2,30.2,30.2,30.2,63690
MCV,03/02/2007,28.8,28.8,28.8,28.8,105320
MCV,03/01/2007,28.8,30.2,28.8,28.8,25120
MCV,02/28/2007,30.2,30.5,30.2,30.2,30450
MCV,02/27/2007,30.2,30.2,30.2,30.2,25020
MCV,02/26/2007,28.8,28.8,28.2,28.8,8800
MCV,02/15/2007,27.4,27.4,27.4,27.4,15130
MCV,02/14/2007,26.3,26.3,26.3,26.3,25310
MCV,02/13/2007,25.1,25.1,25.0,25.1,12590
MCV,02/12/2007,23.9,23.9,23.9,23.9,3850
MCV,02/09/2007,22.9,23.9,22.9,22.9,16900
MCV,02/08/2007,23.9,24.4,23.9,23.9,28110
MCV,02/07/2007,24.7,24.7,24.4,24.7,21820
MCV,02/06/2007,24.4,24.4,24.4,24.4,29920
MCV,02/05/2007,24.4,24.4,24.4,24.4,19360
MCV,02/02/2007,25.5,24.4,24.4,24.4,1810
MCV,02/01/2007,24.9,25.5,24.9,25.5,13040
MCV,01/31/2007,24.6,24.4,24.4,24.4,7440
MCV,01/30/2007,25.5,25.5,24.6,24.6,8330
MCV,01/29/2007,25.5,25.5,25.5,25.5,21770
MCV,01/26/2007,25.0,25.5,25.5,25.5,33180
MCV,01/25/2007,24.3,24.3,24.3,24.3,40140
MCV,01/24/2007,22.3,23.2,22.3,23.2,41190
MCV,01/23/2007,23.2,23.2,22.1,22.1,30150
MCV,01/22/2007,23.9,23.9,23.2,23.2,22420
MCV,01/19/2007,25.6,24.4,24.4,24.4,17090
MCV,01/18/2007,23.6,24.4,23.6,24.4,18140
MCV,01/17/2007,23.5,24.4,23.5,24.4,18120
MCV,01/16/2007,25.0,25.0,24.5,24.7,25760
MCV,01/15/2007,25.0,25.0,25.0,25.0,26820
MCV,01/12/2007,25.8,25.8,25.0,25.0,23420
MCV,01/11/2007,26.1,26.1,26.1,26.1,21460
MCV,01/10/2007,25.6,26.1,25.6,26.1,45970
MCV,01/09/2007,25.7,25.7,25.0,25.6,21940
MCV,01/08/2007,26.1,26.1,26.1,26.1,48040
MCV,01/05/2007,26.1,26.1,26.1,26.1,33190
MCV,01/04/2007,26.6,26.6,26.3,26.6,21000
MCV,01/03/2007,26.6,26.6,25.8,26.6,21820
MCV,01/02/2007,25.8,26.1,25.8,25.8,19860
MCV,12/29/2006,28.2,28.2,27.1,27.1,30490
MCV,12/28/2006,28.5,28.5,28.5,28.5,58640
MCV,12/27/2006,26.3,27.4,27.4,27.4,35810
MCV,12/26/2006,26.3,26.3,26.3,26.3,54790
MCV,12/25/2006,29.1,29.1,27.7,27.7,12420
MCV,12/22/2006,30.5,29.1,29.1,29.1,10450
MCV,12/21/2006,31.9,31.1,30.5,30.5,80750
MCV,12/20/2006,30.5,31.9,31.9,31.9,269520
MCV,12/19/2006,29.1,30.5,30.5,30.5,25260
MCV,12/18/2006,27.7,29.1,29.1,29.1,30890
MCV,12/15/2006,27.7,27.7,27.7,27.7,42030
MCV,12/14/2006,26.2,26.5,26.2,26.4,22710
MCV,12/13/2006,25.2,25.2,25.2,25.2,122290
MCV,12/12/2006,24.0,24.0,24.0,24.0,75710
MCV,12/11/2006,0.0,22.9,0.0,22.9,6700
