Code,Date,Open,High,Low,Close,Volume
6,20030101,29.55,29.55,29.55,20.44,0
6,20030102,29.5,29.55,29.1,20.44,685600
6,20030103,29.85,29.9,29.7,20.68,2094300
6,20030106,29.7,29.95,29.6,20.71,1786600
6,20030107,30,30,29.8,20.68,1857100
6,20030108,29.8,30.2,29.75,20.82,2835900
6,20030109,30,30.1,29.9,20.82,1528000
6,20030110,30.1,30.1,29.9,20.75,1306500
6,20030113,30,30.2,29.95,20.82,2123100
6,20030114,30.3,30.3,29.8,20.64,2301600
6,20030115,30,30.3,30,20.75,3920800
6,20030116,30,30.1,29.85,20.64,2214400
6,20030117,29.9,30,29.7,20.54,948100
6,20030120,29.75,29.75,29.65,20.54,1489600
6,20030121,29.95,29.95,29.55,20.51,1365300
6,20030122,29.85,30.4,29.8,21.02,3338800
6,20030123,30.4,30.6,30.3,21.02,3208000
6,20030124,30.3,30.4,29.75,20.57,2283200
6,20030127,29.35,29.6,29.2,20.23,2747000
6,20030128,29.25,29.5,29.25,20.4,2023300
6,20030129,29.55,29.55,29.25,20.26,2951400
6,20030130,29.25,29.45,29.2,20.37,1781500
6,20030131,29.45,29.45,29.45,20.37,0
6,20030203,29.45,29.45,29.45,20.37,0
6,20030204,29.5,29.5,29.05,20.33,6088100
6,20030205,29.35,29.4,29.1,20.16,2998600
6,20030206,29.35,29.35,29.1,20.26,1591100
6,20030207,29.35,29.45,29.3,20.3,2649200
6,20030210,29.3,29.35,29.05,20.12,5585000
6,20030211,29.2,29.2,28.9,19.99,7105000
6,20030212,29.15,29.15,28.9,20.09,3326600
6,20030213,29.1,29.2,28.85,19.99,2905200
6,20030214,29.1,29.15,28.9,19.99,1388400
6,20030217,29.25,29.45,29.15,20.26,2363600
6,20030218,29.3,29.3,29.15,20.19,1245800
6,20030219,29.1,29.3,29,20.12,2498700
6,20030220,29.3,29.3,29.1,20.12,2149000
6,20030221,29.15,29.15,28.95,20.06,2495000
6,20030224,29.1,29.3,29.05,20.23,1428900
6,20030225,29.25,29.3,29.05,20.19,2437200
6,20030226,29.1,29.6,29.1,20.47,2689000
6,20030227,29.6,29.7,29.4,20.47,1926600
6,20030228,29.8,29.8,29.7,20.57,1179200
6,20030303,29.75,30.2,29.75,20.89,3727100
6,20030304,30.3,30.5,30.1,21.02,3885400
6,20030305,30.5,30.5,30.3,21.09,2775100
6,20030306,30.5,30.5,29.55,20.68,2577700
6,20030307,29.8,30.5,29.8,21.09,4511400
6,20030310,30.4,30.5,30,20.75,3976900
6,20030311,30,30.7,30,21.09,3089100
6,20030312,30.3,30.6,30.3,21.02,2006900
6,20030313,30.4,30.4,29.95,20.71,3271500
6,20030314,30.4,30.6,30.2,21.16,2600800
6,20030317,30.5,30.5,30.2,21.09,1847300
6,20030318,30.7,30.7,30.5,21.09,2703600
6,20030319,30.6,30.7,30.1,21.16,3592900
6,20030320,30.6,31.1,30.6,21.3,3893700
6,20030321,30.6,31,30.6,21.23,1911900
6,20030324,31,31.3,30.8,21.65,3106400
6,20030325,31,31.6,31,21.78,2517700
6,20030326,31.6,31.6,30.9,21.58,1804300
6,20030327,31.2,31.2,30.5,21.09,3249100
6,20030328,30.8,31.2,30.4,21.58,2973500
6,20030331,30.6,31.3,30.4,21.51,3485400
6,20030401,31.3,31.3,30.8,21.44,2723000
6,20030402,30.9,31.4,30.7,21.51,4043400
6,20030403,31.5,31.5,30.6,21.3,3154700
6,20030404,30.9,31.5,30.9,21.72,3686600
6,20030407,31.1,31.4,30.7,21.72,3723600
6,20030408,31.2,31.2,30.7,21.37,4488500
6,20030409,31,31,30.4,21.09,5307300
6,20030410,30.5,31.3,30.5,21.44,5675300
6,20030411,31.1,31.3,31,21.51,2490900
6,20030414,31.4,31.4,30.9,21.65,1574800
6,20030415,31.4,31.5,31.2,21.78,2663600
6,20030416,31.5,31.5,30.9,21.44,1790000
6,20030417,30.9,31.1,30.8,21.44,1366200
6,20030418,31,31,31,21.44,0
6,20030421,31,31,31,21.44,0
6,20030422,31.2,31.3,30.8,21.51,1243000
6,20030423,31.5,31.6,31,21.72,3806600
6,20030424,31.4,31.5,31.1,21.72,2147300
6,20030425,31.2,31.4,31.1,21.51,2455100
6,20030428,31.3,31.4,31,21.44,1814700
6,20030429,31.4,31.6,31.2,21.85,2340300
6,20030430,31.6,31.7,31.2,21.58,2233600
6,20030501,31.2,31.2,31.2,21.58,0
6,20030502,31.3,31.4,31.3,21.72,3790500
6,20030505,31.5,31.6,31.4,21.78,2856100
6,20030506,30.5,30.5,30.3,21.88,2462400
6,20030507,30.4,30.4,29.95,21.52,3296400
6,20030508,30,30,30,21.52,0
6,20030509,30.1,30.6,30.1,21.95,2185300
6,20030512,30.6,30.9,30.6,22.02,2133600
6,20030513,31,31,30.3,21.88,1975700
6,20030514,30.4,30.7,30.4,21.88,1904400
6,20030515,30.6,30.8,30.5,22.02,2189500
6,20030516,30.8,30.8,30.3,21.73,2927800
6,20030519,30.6,30.6,30.2,21.73,2081800
6,20030520,30.4,31,30.4,22.09,4162300
6,20030521,31,31,30.6,22.16,2677900
6,20030522,30.9,31.2,30.9,22.31,2393000
6,20030523,31.1,31.5,31.1,22.52,2703700
6,20030526,31.4,31.7,31.2,22.6,2415800
6,20030527,31.4,31.6,31.3,22.6,2595500
6,20030528,31.5,31.6,31.2,22.38,1763500
6,20030529,31.1,31.4,31.1,22.52,1864700
6,20030530,31.1,31.4,31,22.31,2630700
6,20030602,31.1,31.5,31,22.52,4071100
6,20030603,31.4,31.4,30.9,22.16,4070900
6,20030604,30.9,30.9,30.9,22.16,0
6,20030605,31,31,30.3,21.81,8751300
6,20030606,30.5,30.9,30.5,21.88,3160600
6,20030609,30.6,31,30.5,22.24,1359000
6,20030610,31,31.3,31,22.38,3043500
6,20030611,31.2,31.4,31.2,22.45,3868500
6,20030612,31.3,31.5,31.1,22.38,2521000
6,20030613,31.4,31.5,31,22.45,4818100
6,20030616,31.4,31.4,31.1,22.52,1862500
6,20030617,31.5,31.5,31.3,22.45,3983700
6,20030618,31.3,31.4,31,22.38,5040100
6,20030619,31.2,31.4,31.1,22.31,4287000
6,20030620,31.1,31.2,30.8,22.16,3928100
6,20030623,31,31,30.6,21.95,4783700
6,20030624,30.6,30.9,30.5,22.09,5149300
6,20030625,30.7,30.8,30.6,21.95,3497700
6,20030626,30.7,30.9,30.6,22.16,3285200
6,20030627,31,31,30.8,22.09,3285900
6,20030630,30.9,31,30.5,21.88,2544500
6,20030701,30.5,30.5,30.5,21.88,0
6,20030702,31,31,30.7,22.09,3180800
6,20030703,30.8,30.9,30.6,22.09,3033100
6,20030704,30.7,30.9,30.6,22.09,1472500
6,20030707,30.8,31,30.6,22.16,2718400
6,20030708,31,31.2,30.7,22.16,3573700
6,20030709,31,31.2,30.8,22.38,2560500
6,20030710,31.2,31.2,30.8,22.16,1860700
6,20030711,30.8,30.8,30.7,22.02,3467800
6,20030714,30.9,31.1,30.8,22.24,2564600
6,20030715,31.1,31.1,30.8,22.24,1743200
6,20030716,30.9,31,30.8,22.16,2528600
6,20030717,30.9,30.9,30.5,21.95,8703700
6,20030718,30.7,30.7,30.6,22.02,4140000
6,20030721,30.8,30.8,30.6,21.95,1855300
6,20030722,30.8,30.8,30.6,22.02,1566300
6,20030723,30.6,30.8,30.6,21.95,2084600
6,20030724,30.8,30.8,30.6,22.02,2086700
6,20030725,30.6,30.7,30.5,21.95,1912300
6,20030728,30.7,30.7,30.6,22.02,3568900
6,20030729,30.5,30.7,30.5,21.88,5671100
6,20030730,30.5,30.7,30.5,21.88,4526200
6,20030731,30.5,30.6,30.4,21.88,7964700
6,20030801,30.6,30.7,30.4,21.88,7890900
6,20030804,30.5,30.6,30.4,21.81,3157500
6,20030805,30.5,30.6,30.4,21.95,4635600
6,20030806,30.6,30.6,30.4,21.81,3905700
6,20030807,30.4,30.5,30.4,21.81,3143000
6,20030808,30.4,30.4,30.2,21.66,6187300
6,20030811,30.3,30.4,30.2,21.73,2498300
6,20030812,30.4,30.4,30.2,21.73,4571100
6,20030813,30.4,30.6,30.4,21.88,3766700
6,20030814,30.7,30.7,30.3,21.81,3848500
6,20030815,30.3,30.3,30.3,21.73,3382100
6,20030818,30.5,30.5,30.3,21.81,3190900
6,20030819,30.5,30.5,30.2,21.66,8102900
6,20030820,30.4,30.7,30.3,21.73,2949600
6,20030821,30.3,30.5,30.3,21.88,2674400
6,20030822,30.5,30.6,30.4,21.88,3848200
6,20030825,30.6,30.6,30.4,21.95,2539600
6,20030826,30.5,30.7,30.5,22.02,2160000
6,20030827,30.7,30.8,30.6,22.09,2464500
6,20030828,30.8,30.9,30.7,22.16,1943700
6,20030829,30.9,31,30.8,22.09,4241800
6,20030901,30.8,31,30.7,22.02,4623200
6,20030902,30.8,30.9,30.8,22.09,2030200
6,20030903,30.9,31,30.7,22.02,5533100
6,20030904,30.9,30.9,30.5,22.02,6552000
6,20030905,30.8,30.9,30.7,22.09,2718700
6,20030908,30.9,30.9,30.7,22.09,3754300
6,20030909,30.9,30.9,30.6,22.02,5236200
6,20030910,30.8,30.9,30.7,22.02,6166500
6,20030911,30.8,31,30.8,22.16,5645700
6,20030912,30.9,30.9,30.9,22.16,0
6,20030915,30.9,31.1,30.9,22.31,4583100
6,20030916,30.4,30.5,30.2,22.22,4274000
6,20030917,30.3,30.4,30.1,22.07,5583800
6,20030918,30.2,30.2,30.1,22,4034500
6,20030919,30.1,30.2,29.85,21.82,11464400
6,20030922,29.85,30,29.85,21.89,4386900
6,20030923,30,30.1,29.85,21.89,4734100
6,20030924,30,30.2,29.95,22.07,6952700
6,20030925,30.2,30.3,30,21.93,4410700
6,20030926,30.1,30.1,29.95,21.89,4844600
6,20030929,30,30,29.8,21.78,8241300
6,20030930,29.85,30,29.8,21.82,3545700
6,20031001,29.85,29.85,29.85,21.82,0
6,20031002,30.1,30.2,29.95,22.07,7038700
6,20031003,30.2,30.2,30,22,4816100
6,20031006,30.1,30.3,30.1,22,6890500
6,20031007,30.1,30.2,29.95,21.93,11316400
6,20031008,30,30.2,29.9,21.89,6441300
6,20031009,29.9,30,29.8,21.82,6978200
6,20031010,29.9,29.9,29.85,21.82,4892200
6,20031013,29.9,30,29.85,21.82,5798600
6,20031014,30,30,29.8,21.86,9120100
6,20031015,30,30.2,29.9,22.07,5075100
6,20031016,30.1,30.2,30,22,6043800
6,20031017,30.2,30.2,29.95,22,3998700
6,20031020,30,30.2,30,21.93,3541000
6,20031021,30,30.2,30,22,4312400
6,20031022,30.1,30.2,30,22,2828400
6,20031023,30.1,30.2,29.9,21.89,5291900
6,20031024,30,30,29.9,21.89,3024100
6,20031027,30.1,30.3,30,22.15,4068300
6,20031028,30.3,30.4,30.2,22.15,3577000
6,20031029,30.4,30.4,30.1,22,4368900
6,20031030,30,30.1,29.95,22,5324600
6,20031031,30.1,30.3,30,22.15,2792500
6,20031103,30.3,30.4,30.2,22.15,2837800
6,20031104,30.5,30.5,30.4,22.22,4539300
6,20031105,30.5,30.6,30.5,22.37,3375800
6,20031106,30.6,30.8,30.5,22.37,6327000
6,20031107,30.6,30.8,30.6,22.44,2570200
6,20031110,30.8,30.8,30.3,22.29,3285300
6,20031111,30.4,30.7,30.3,22.37,4059300
6,20031112,30.6,30.6,30.3,22.22,3617200
6,20031113,30.5,30.6,30.4,22.37,1589100
6,20031114,30.7,30.7,30.4,22.29,5464900
6,20031117,30.3,30.5,30.3,22.15,3272200
6,20031118,30.4,30.7,30.3,22.44,4427100
6,20031119,30.4,30.8,30.4,22.44,5403600
6,20031120,30.8,30.9,30.6,22.51,5172600
6,20031121,30.7,30.9,30.7,22.59,4865100
6,20031124,30.9,31,30.8,22.51,1494200
6,20031125,31,31,30.8,22.51,2910300
6,20031126,31,31,30.6,22.59,1878000
6,20031127,30.9,31,30.9,22.59,1712300
6,20031128,31,31.2,30.9,22.81,4592000
6,20031201,31.1,31.3,31,22.81,3512700
6,20031202,31.3,31.3,30.9,22.59,3704900
6,20031203,31.2,31.2,30.8,22.51,4068300
6,20031204,31,31,30.8,22.66,1424700
6,20031205,31.1,31.1,30.8,22.59,1769100
6,20031208,31,31,30.6,22.37,2899400
6,20031209,30.8,31,30.7,22.66,2117500
6,20031210,31,31,30.7,22.51,1507800
6,20031211,30.9,31,30.7,22.66,2007100
6,20031212,31.2,31.2,30.7,22.51,3465900
6,20031215,31.1,31.1,30.7,22.51,3913600
6,20031216,30.7,30.9,30.5,22.37,3212800
6,20031217,30.7,30.7,30.4,22.37,2901000
6,20031218,30.4,30.6,30.4,22.29,2166600
6,20031219,30.7,30.7,30.4,22.29,3193800
6,20031222,30.5,30.6,30.3,22.29,1967700
6,20031223,30.5,30.7,30.5,22.37,1111500
6,20031224,30.7,30.8,30.5,22.44,613300
6,20031225,30.7,30.7,30.7,22.44,0
6,20031226,30.7,30.7,30.7,22.44,0
6,20031229,30.7,30.7,30.6,22.44,1079600
6,20031230,30.8,31,30.7,22.59,2391400
6,20031231,31,31,30.7,22.44,1735000
6,20040101,30.7,30.7,30.7,22.44,0
6,20040102,30.9,31,30.7,22.51,2972000
6,20040105,31,31,30.8,22.51,2889100
6,20040106,30.8,30.9,30.6,22.44,4961600
6,20040107,31,31,30.7,22.51,3526700
6,20040108,31,31,30.7,22.44,2490100
6,20040109,30.7,30.8,30.6,22.44,4549800
6,20040112,30.8,31,30.7,22.59,5785000
6,20040113,31,31,30.9,22.66,4058700
6,20040114,31,31.1,30.9,22.73,2400500
6,20040115,31.2,31.2,30.9,22.66,3035000
6,20040116,31.1,31.1,30.8,22.51,4680800
6,20040119,31,31.1,30.9,22.59,3438300
6,20040120,31.1,31.1,30.9,22.59,6278500
6,20040121,31,31.1,30.9,22.73,4092500
6,20040122,31.1,31.1,31.1,22.73,0
6,20040123,31.1,31.1,31.1,22.73,0
6,20040126,31.2,31.3,31,22.81,5490100
6,20040127,31.3,31.3,31.1,22.81,4632600
6,20040128,31.3,31.4,31.1,22.73,3236200
6,20040129,31.1,31.3,31,22.88,4083400
6,20040130,31.4,31.6,31.2,23.02,4608700
6,20040202,31.5,31.5,31.3,22.88,3412100
6,20040203,31.5,31.5,31.2,22.88,3651500
6,20040204,31.3,31.5,31.2,23.02,2052700
6,20040205,31.6,31.6,31.5,23.1,1786500
6,20040206,31.7,31.8,31.6,23.17,2641500
6,20040209,31.8,32,31.7,23.32,3361300
6,20040210,32.1,32.4,32,23.54,4428900
6,20040211,32.1,32.4,32.1,23.61,3537000
6,20040212,32.5,32.6,32.4,23.83,5031700
6,20040213,32.7,33,32.6,24.05,3625900
6,20040216,32.9,33,32.8,23.97,2497600
6,20040217,32.8,32.8,32.5,23.83,2337300
6,20040218,32.9,32.9,32.7,24.05,2429000
6,20040219,32.9,32.9,32.7,24.05,1762000
6,20040220,32.9,33,32.8,23.97,3419100
6,20040223,32.9,32.9,32.5,23.9,2404900
6,20040224,32.8,33.4,32.7,24.34,4229800
6,20040225,33.5,33.6,32.8,24.27,3706100
6,20040226,33.1,33.3,32.8,24.19,2392600
6,20040227,33.3,33.4,33,24.41,4030400
6,20040301,33.6,33.9,33.5,24.71,5897200
6,20040302,33.8,33.8,33.3,24.41,2475500
6,20040303,32.9,33.4,32.5,23.9,5588100
6,20040304,32.9,33,32.7,24.05,2735400
6,20040305,32.6,32.7,32.1,23.68,6946000
6,20040308,32.7,32.9,32.6,23.97,3408700
6,20040309,32.9,33.1,32.7,23.9,4277800
6,20040310,32.9,33.1,32.5,24.12,5531400
6,20040311,32.9,33.3,32.6,24.27,4509600
6,20040312,33.1,33.2,32.5,23.76,5780400
6,20040315,32.7,33.2,32.7,23.97,2903700
6,20040316,33.3,33.3,32.9,24.34,3386300
6,20040317,33.2,33.6,33.2,24.56,3716500
6,20040318,33.6,33.6,32.8,24.05,4272600
6,20040319,33,33.8,33,24.63,6735800
6,20040322,33.4,33.7,33.2,24.56,2633200
6,20040323,33.4,34,33.4,24.85,3415900
6,20040324,34.1,34.5,33.9,25,5339900
6,20040325,34.5,34.5,34,25.14,2589600
6,20040326,34.4,34.6,34.2,25.07,3237200
6,20040329,34.7,34.7,33.7,24.85,2937800
6,20040330,34.2,34.7,33.8,25.29,3629300
6,20040331,34.6,34.7,34.2,25.07,3328100
6,20040401,34.5,34.7,34.3,25.22,3947600
6,20040402,34.8,34.8,34,25.22,3186100
6,20040405,34.5,34.5,34.5,25.22,0
6,20040406,34.1,34.5,34,25,4278500
6,20040407,34.4,34.4,34.1,24.93,1226400
6,20040408,34.4,34.5,34.1,25.22,2120700
6,20040409,34.5,34.5,34.5,25.22,0
6,20040412,34.5,34.5,34.5,25.22,0
6,20040413,34.6,34.8,34.5,25.29,3513000
6,20040414,34.4,34.5,33.9,24.78,2044200
6,20040415,34,34.2,33.5,24.85,5845800
6,20040416,34.2,34.2,33.6,24.71,3309600
6,20040419,34.2,34.2,33.4,24.78,2300800
6,20040420,34.1,34.3,34,25,2033300
6,20040421,34.3,34.4,33.9,25,3472500
6,20040422,34.1,34.2,33.7,24.71,1589300
6,20040423,34,34.5,33.9,25.22,2381200
6,20040426,34.4,34.4,33.6,24.85,924600
6,20040427,34.1,34.1,33.7,24.63,2051100
6,20040428,33.7,34.1,33.6,24.93,1802700
6,20040429,33.7,34.3,33.7,24.93,4746700
6,20040430,34.1,34.4,33.8,25,3588000
6,20040503,34.5,34.5,33.9,25,1743200
6,20040504,33,33.3,32.7,25.1,3673100
6,20040505,33.2,33.2,32.2,24.87,3029000
6,20040506,32.6,33.2,32.6,25.02,2640000
6,20040507,33.1,33.1,32.3,24.95,1884600
6,20040510,32.5,32.7,32,24.19,4137600
6,20040511,32.1,32.7,32.1,24.72,5597800
6,20040512,33,33.2,32.2,24.72,6400200
6,20040513,32.6,32.7,32,24.57,3514400
6,20040514,32,32.6,31.6,24.04,3842600
6,20040517,32,32.1,30.6,23.13,4879300
6,20040518,30.7,30.7,29.95,22.68,7363500
6,20040519,30.5,30.6,30.1,22.83,5620500
6,20040520,30.1,30.6,30.1,23.06,4750000
6,20040521,30.8,31.6,30.5,23.66,5042000
6,20040524,31.7,31.7,31.3,23.96,2413300
6,20040525,31.8,32.7,31.4,23.74,2697300
6,20040526,31.4,31.4,31.4,23.74,0
6,20040527,32,32.7,32,24.64,4489800
6,20040528,32.7,33.5,32.5,24.57,8641400
6,20040531,32.5,33.2,32.4,24.87,2617000
6,20040601,32.6,33.3,32.6,25.17,2549000
6,20040602,32.9,33.7,32.9,25.4,2516000
6,20040603,33.7,33.7,32.6,24.95,2640700
6,20040604,33.5,33.7,33.2,25.32,2924800
6,20040607,34,34.1,33.8,25.78,5921900
6,20040608,34.5,34.5,33.9,25.85,2681700
6,20040609,34.3,34.4,34,25.7,3325700
6,20040610,33.9,34.4,33.7,25.85,2482800
6,20040611,34.3,34.3,33.9,25.85,1518000
6,20040614,34.3,34.5,32.8,25.02,6508000
6,20040615,33.3,33.9,33.1,25.1,3334100
6,20040616,33.8,33.8,33.3,25.4,2967000
6,20040617,33.6,33.6,33.4,25.32,1378400
6,20040618,33.4,33.7,32.9,24.87,3431400
6,20040621,33.5,33.5,32.8,24.79,3936000
6,20040622,32.8,32.8,32.8,24.79,0
6,20040623,33,33,32.7,24.79,3471200
6,20040624,33.1,33.4,32.8,25.02,4317200
6,20040625,33.1,33.1,32.8,24.87,2477100
6,20040628,32.9,32.9,32.6,24.64,4553900
6,20040629,33,33,32.2,24.64,5798300
6,20040630,32.9,33,32.1,24.42,4374200
6,20040701,32.3,32.3,32.3,24.42,0
6,20040702,32,32.5,32,24.34,3730900
6,20040705,32.5,32.6,32.2,24.64,1208800
6,20040706,32.6,32.8,32.5,24.72,1226600
6,20040707,32.5,32.9,32.5,24.87,1666000
6,20040708,32.8,32.9,32.3,24.42,1604000
6,20040709,32.5,32.5,32.3,24.42,1552400
6,20040712,32.7,32.9,32.5,24.79,1810100
6,20040713,32.8,32.8,32.4,24.64,1966300
6,20040714,32.5,32.7,32.3,24.49,1507500
6,20040715,32.6,32.7,32.4,24.72,1098800
6,20040716,32.7,33,32.6,24.87,1601500
6,20040719,32.9,33,32.6,24.87,1245500
6,20040720,33,33.3,32.9,25.17,2040100
6,20040721,33.5,33.7,33.2,25.47,3964300
6,20040722,33.4,33.6,33.3,25.25,1400100
6,20040723,33.5,33.7,33.4,25.25,1783400
6,20040726,33.4,33.4,33.2,25.25,932000
6,20040727,33.5,33.5,33.3,25.17,1105600
6,20040728,33.5,33.6,33.3,25.25,1761000
6,20040729,33.3,33.4,33,25.17,2563900
6,20040730,33.5,33.7,33.1,25.32,2581300
6,20040802,33.6,33.8,33.2,25.47,1576000
6,20040803,33.9,33.9,33.5,25.55,3624300
6,20040804,33.9,33.9,33.2,25.17,2719800
6,20040805,33.3,33.8,33.3,25.55,1596700
6,20040806,33.2,33.7,33.1,25.32,1801300
6,20040809,33.5,33.7,33.5,25.4,823900
6,20040810,33.6,33.6,33.4,25.25,1618400
6,20040811,33.7,33.7,33.2,25.1,2299600
6,20040812,33.3,33.7,33.2,25.47,1884500
6,20040813,33.5,33.7,33.4,25.32,2242400
6,20040816,33.6,33.7,33.2,25.4,1983700
6,20040817,33.5,33.7,33.4,25.25,976100
6,20040818,33.4,33.7,33.4,25.4,701300
6,20040819,33.7,34,33.6,25.7,2517900
6,20040820,33.9,34,33.7,25.63,914600
6,20040823,33.9,34.1,33.9,25.7,1311000
6,20040824,34,34.4,34,25.93,3335700
6,20040825,34.2,34.7,34.2,26.08,3678500
6,20040826,34.5,34.6,34.3,26.08,1204500
6,20040827,34.5,34.7,34.2,25.85,1981600
6,20040830,34.3,34.8,34.3,26.15,1151600
6,20040831,34.6,34.9,34.6,26.31,1962700
6,20040901,35,35.1,34.9,26.46,3058300
6,20040902,35.2,35.4,35,26.46,4210400
6,20040903,35.2,35.3,34.8,26.31,1708300
6,20040906,34.8,35.4,34.8,26.76,2039900
6,20040907,35.4,35.4,35.1,26.76,1184200
6,20040908,35.4,35.6,35,26.53,1169400
6,20040909,35.1,35.4,35,26.61,1603400
6,20040910,35.3,35.4,35.1,26.68,1206100
6,20040913,35.4,35.6,35.4,26.76,2521300
6,20040914,35.1,35.1,34.4,26.59,1823300
6,20040915,34.8,34.8,34.2,26.51,2269300
6,20040916,34.5,35.2,34.5,26.9,2353400
6,20040917,35,35.1,34.8,26.82,2543900
6,20040920,35.1,35.2,34.8,26.82,1714700
6,20040921,34.9,35.2,34.9,27.05,1915100
6,20040922,35.3,35.3,35,27.13,1706400
6,20040923,35.1,35.1,34.6,26.67,2889000
6,20040924,34.5,34.7,34.2,26.59,2560100
6,20040927,34.7,34.7,34.3,26.59,1655500
6,20040928,34.6,34.9,34.3,26.36,1269400
6,20040929,34.3,34.3,34.3,26.36,0
6,20040930,34.7,34.9,34.3,26.59,1777000
6,20041001,34.6,34.6,34.6,26.59,0
6,20041004,35,35.1,34.9,26.97,3700600
6,20041005,35.1,35.1,34.6,26.82,2295500
6,20041006,35,35.1,34.7,26.67,2032700
6,20041007,34.7,34.9,34.7,26.74,1652000
6,20041008,35,35,34.5,26.67,1455100
6,20041011,34.7,34.8,34.6,26.74,923800
6,20041012,34.6,34.8,34.5,26.74,1050100
6,20041013,34.6,34.9,34.4,26.67,1709200
6,20041014,34.3,34.5,34,26.28,3755500
6,20041015,34.1,34.2,34,26.21,2180300
6,20041018,34.1,34.3,34,26.21,1985900
6,20041019,34.2,34.5,34.2,26.36,778200
6,20041020,34.4,34.6,34.2,26.59,2963500
6,20041021,34.4,34.7,34.5,26.67,2078600
6,20041022,34.7,34.7,34.7,26.67,0
6,20041025,34.2,34.3,33.9,26.36,3582500
6,20041026,34.2,34.5,34,26.44,1365000
6,20041027,34.1,34.3,34,26.21,1733100
6,20041028,34.2,34.9,34.2,26.74,2904200
6,20041029,35,35.1,34.4,26.82,2356400
6,20041101,34.6,34.6,34.3,26.44,3334900
6,20041102,34.8,34.9,34.5,26.59,3324000
6,20041103,34.8,35,34.6,26.9,3225700
6,20041104,34.9,35,34.6,26.67,1372600
6,20041105,35.5,35.5,34.6,26.9,2906500
6,20041108,35,35.1,34.7,26.97,2381600
6,20041109,35.3,35.3,34.7,26.82,1562300
6,20041110,35.1,35.3,35,27.05,2406500
6,20041111,35.2,35.2,34.8,26.74,1609800
6,20041112,34.9,35.1,34.7,26.82,2977800
6,20041115,35,35.1,34.5,26.51,6190200
6,20041116,34.6,34.9,34.4,26.51,1296300
6,20041117,34.5,34.9,34.4,26.67,2238100
6,20041118,34.9,34.9,34.2,26.67,1650700
6,20041119,34.7,35,34.7,26.59,2174200
6,20041122,34.6,34.7,34.4,26.67,805300
6,20041123,34.8,35.2,34.6,26.82,2780600
6,20041124,34.9,35.1,34.5,26.9,2272800
6,20041125,34.8,35,34.8,26.82,1264100
6,20041126,35,35.2,34.7,26.74,2253700
6,20041129,35,35.1,34.8,26.74,1734700
6,20041130,35.2,35.2,34.9,26.82,2083300
6,20041201,35,35.1,34.7,26.82,1464300
6,20041202,35.2,35.3,35,26.9,2195800
6,20041203,35.1,35.2,34.8,26.9,2826700
6,20041206,35.2,35.2,35,27.05,1783500
6,20041207,35,35.2,35,26.97,1485800
6,20041208,35.2,35.2,34.8,26.9,2339500
6,20041209,35.2,35.2,34.8,26.82,1974600
6,20041210,35,35.1,34.7,26.9,2084000
6,20041213,35,35.1,34.8,26.74,1834900
6,20041214,35,35.1,34.7,26.82,3443900
6,20041215,34.9,35.2,34.9,26.9,3493100
6,20041216,35.2,35.3,35.1,27.13,2546900
6,20041217,35.3,35.3,34.8,27.05,2317900
6,20041220,35.3,35.7,35.1,27.36,4984200
6,20041221,35.7,35.7,35.3,27.28,1187100
6,20041222,35.8,35.8,35.4,27.28,915800
6,20041223,35.7,35.7,35.1,27.05,2083000
6,20041224,35.2,35.6,35.3,27.13,643000
6,20041227,35.3,35.3,35.3,27.13,0
6,20041228,35.6,35.7,35.3,27.28,1514500
6,20041229,35.7,35.8,35.5,27.36,1416800
6,20041230,35.6,35.7,35.3,27.36,658900
6,20041231,35.3,35.5,35.3,27.28,837200
6,20050103,35.3,35.6,35.3,27.21,504800
6,20050104,35.5,35.6,35.2,27.13,3079300
6,20050105,35.3,35.4,34.8,26.97,4531400
6,20050106,35.2,35.2,34.7,26.74,2584900
6,20050107,35,35,34.2,26.51,3663500
6,20050110,34.7,34.8,34.5,26.67,1651000
6,20050111,34.9,34.9,34.5,26.51,1420500
6,20050112,34.5,34.9,34.1,26.67,900500
6,20050113,34.7,34.9,34.5,26.67,1244000
6,20050114,34.8,34.8,34.2,26.59,2679500
6,20050117,34.7,34.9,34.6,26.59,1723100
6,20050118,34.6,34.6,34.4,26.59,2603100
6,20050119,34.7,34.8,34.6,26.74,2282300
6,20050120,34.8,34.8,34.4,26.51,2679200
6,20050121,34.7,34.7,34.4,26.59,2497100
6,20050124,34.8,34.8,34.1,26.28,3506100
6,20050125,34.4,34.5,34.2,26.44,1964100
6,20050126,34.8,34.9,34.5,26.67,2092700
6,20050127,34.9,34.9,34.3,26.36,920400
6,20050128,34.8,34.9,34.6,26.74,1363600
6,20050131,34.8,34.9,34.4,26.82,3118600
6,20050201,34.8,34.8,34.5,26.59,2725300
6,20050202,34.6,34.6,34.3,26.36,2031600
6,20050203,34.5,34.7,34.4,26.59,3271000
6,20050204,34.6,34.8,34.5,26.67,1899000
6,20050207,34.7,35,34.7,26.82,1748300
6,20050208,34.9,35,34.8,26.82,883500
6,20050209,34.9,34.9,34.9,26.82,0
6,20050210,34.9,34.9,34.9,26.82,0
6,20050211,34.9,34.9,34.9,26.82,0
6,20050214,35.2,35.2,35,26.97,3314600
6,20050215,35.3,35.3,34.9,26.82,1389500
6,20050216,35.1,35.4,35.1,27.13,3320900
6,20050217,35.4,35.4,35.1,26.97,1152000
6,20050218,35.2,35.3,34.9,27.05,1371900
6,20050221,35.3,35.4,35.2,27.13,1043300
6,20050222,35.4,35.5,35.1,27.13,2983700
6,20050223,35.3,35.3,34.9,27.05,1488600
6,20050224,35,35.4,35,27.05,2018100
6,20050225,35.3,35.6,35.3,27.28,3335100
6,20050228,35.6,35.7,35.4,27.36,1598500
6,20050301,35.2,35.6,35.2,27.28,1584500
6,20050302,35.6,35.7,35,27.05,2112000
6,20050303,34.9,35.2,34.9,26.97,1718400
6,20050304,35.2,35.2,34.6,26.67,2082900
6,20050307,34.9,35,34.7,26.74,2986000
6,20050308,34.7,35,34.7,26.82,968600
6,20050309,35.1,35.3,35,26.97,1501800
6,20050310,35.1,35.1,34.7,26.9,2219700
6,20050311,35,35.2,34.9,26.97,1857800
6,20050314,34.8,35.2,34.8,26.97,709700
6,20050315,35,35.1,34.9,26.9,1385000
6,20050316,34.9,35,34.7,26.74,2913200
6,20050317,34.9,34.9,34.7,26.82,1529700
6,20050318,35,35.1,34.8,26.82,1250100
6,20050321,35.1,35.1,34.7,26.82,2376800
6,20050322,34.8,34.9,34.7,26.82,1270900
6,20050323,34.4,34.8,34.4,26.59,2400400
6,20050324,34.7,34.7,34.5,26.67,2848100
6,20050325,34.7,34.7,34.7,26.67,0
6,20050328,34.7,34.7,34.7,26.67,0
6,20050329,34.4,34.9,34.3,26.59,3884900
6,20050330,34.3,34.8,34.2,26.67,4613200
6,20050331,34.7,34.7,34.5,26.59,1654100
6,20050401,34.5,34.6,34.3,26.51,2488000
6,20050404,34.5,34.7,34.5,26.67,1239900
6,20050405,34.7,34.7,34.7,26.67,0
6,20050406,34.4,34.7,34.4,26.51,2235900
6,20050407,34.6,34.6,34.4,26.51,2003000
6,20050408,34.5,34.7,34.5,26.51,2510200
6,20050411,34.4,34.6,34.4,26.51,1674600
6,20050412,34.5,34.7,34.5,26.51,1259200
6,20050413,34.7,34.7,34.5,26.51,2533100
6,20050414,34.6,34.7,34.5,26.59,855800
6,20050415,34.6,34.6,34.4,26.59,1804500
6,20050418,34.3,34.4,34.1,26.21,3967200
6,20050419,34.2,34.6,34.2,26.44,2518500
6,20050420,34.6,34.7,34.5,26.59,1128100
6,20050421,34.6,34.9,34.4,26.59,2467600
6,20050422,34.8,35.1,34.7,26.67,2188700
6,20050425,34.9,35.8,34.8,26.74,2329200
6,20050426,35.2,35.4,35.1,26.97,5645500
6,20050427,35.4,35.5,35.2,27.21,1998400
6,20050428,35.4,35.6,35.4,27.28,3072300
6,20050429,35.5,35.7,35.4,27.36,3764100
6,20050502,35.6,35.6,35.6,27.36,0
6,20050503,34.5,34.8,34.3,27.35,3715200
6,20050504,34.4,34.6,34.4,27.51,3068200
6,20050505,34.8,34.9,34.7,27.59,4286600
6,20050506,35,35,34.7,27.67,2013500
6,20050509,34.8,35,34.7,27.75,2513000
6,20050510,34.8,35,34.5,27.59,2103200
6,20050511,34.3,34.7,34.3,27.51,448900
6,20050512,34.6,35,34.5,27.83,1636600
6,20050513,34.9,34.9,34.6,27.59,2484500
6,20050516,34.7,34.7,34.7,27.59,0
6,20050517,34.5,34.6,34.3,27.27,2230200
6,20050518,34.4,34.6,34.2,27.19,1733500
6,20050519,34.6,34.6,34.3,27.43,1160800
6,20050520,34.6,34.6,34.4,27.35,771100
6,20050523,34.6,34.6,34.4,27.43,572000
6,20050524,34.4,34.6,34.4,27.43,865600
6,20050525,34.5,34.5,34.1,27.27,2097100
6,20050526,34.3,34.5,34.1,27.43,2602100
6,20050527,34.6,34.7,34.4,27.59,1972300
6,20050530,34.8,34.8,34.3,27.59,828500
6,20050531,34.5,34.8,34.1,27.35,2222100
6,20050601,34.3,34.6,34.3,27.43,1278400
6,20050602,34.5,34.6,34.4,27.35,1162200
6,20050603,34.5,34.8,34.5,27.43,1326000
6,20050606,34.4,34.8,34.4,27.67,2099900
6,20050607,34.8,34.8,34.5,27.51,1901800
6,20050608,34.5,34.7,34.5,27.59,1287600
6,20050609,34.8,34.9,34.6,27.67,2395800
6,20050610,34.9,34.9,34.8,27.67,793800
6,20050613,34.9,34.9,34.8,27.75,1207000
6,20050614,34.9,35,34.8,27.83,1794700
6,20050615,35,35,34.9,27.83,1643900
6,20050616,34.9,34.9,34.7,27.67,1208900
6,20050617,35,35.3,34.9,27.99,3305000
6,20050620,35.2,35.2,34.9,27.91,2006700
6,20050621,35.1,35.2,35.1,27.99,2126700
6,20050622,35.1,35.5,35.1,28.23,2024800
6,20050623,35.5,35.7,35.4,28.23,2545400
6,20050624,35.5,35.5,35.2,28.23,1817400
6,20050627,35.1,35.3,35.1,27.99,1143600
6,20050628,35.2,35.5,35.2,28.15,1986100
6,20050629,35.2,35.7,35.2,28.15,776000
6,20050630,35.3,35.5,35.3,28.23,1310700
6,20050701,35.5,35.5,35.5,28.23,0
6,20050704,35.5,35.6,35.4,28.31,1586300
6,20050705,35.35,35.6,35.35,28.31,833000
6,20050706,35.6,35.65,35.45,28.31,537000
6,20050707,35.6,35.65,35.4,28.27,1547900
6,20050708,35.6,35.6,34.9,28.07,3115800
6,20050711,35.1,35.7,35.1,28.38,962600
6,20050712,35.8,35.8,35.15,28.11,1782800
6,20050713,35.65,35.65,35.45,28.27,1764300
6,20050714,35.85,35.95,35.5,28.27,1901600
6,20050715,35.65,35.65,35.3,28.11,1297700
6,20050718,35.7,35.7,35.5,28.27,766500
6,20050719,35.6,35.85,35.55,28.34,718200
6,20050720,35.7,35.85,35.65,28.42,1683600
6,20050721,35.65,35.9,35.65,28.46,1931200
6,20050722,35.8,36.1,35.75,28.66,3303700
6,20050725,36.1,36.3,36,28.7,1753000
6,20050726,36.1,36.35,36.1,28.82,1887000
6,20050727,36.45,36.45,36.15,28.82,906500
6,20050728,36.3,36.6,36.3,29.06,2674000
6,20050729,36.25,37,36.25,29.42,2431800
6,20050801,36.9,37.65,36.9,29.82,2489800
6,20050802,37.5,37.9,37.35,29.97,1631800
6,20050803,37.6,37.7,36.55,29.38,1405000
6,20050804,36.95,37.05,36.8,29.34,689900
6,20050805,36.85,36.95,36.45,29.18,843900
6,20050808,36.7,37.45,36.7,29.46,1013600
6,20050809,37.2,37.3,36.8,29.3,392400
6,20050810,37.25,37.5,36.55,29.3,1074600
6,20050811,36.85,37.1,36.65,29.14,1624400
6,20050812,36.7,37.4,36.7,29.38,1466800
6,20050815,37.1,37.5,37.05,29.62,1024200
6,20050816,37.35,37.7,37,29.7,745000
6,20050817,37.2,37.5,37.1,29.74,905300
6,20050818,37.6,37.6,37.1,29.66,1336400
6,20050819,37.55,37.55,36.75,29.66,509500
6,20050822,37.05,37.95,37.05,29.9,1840000
6,20050823,37.7,37.85,37.5,30.09,1940400
6,20050824,37.75,37.75,37.1,29.82,1687600
6,20050825,37,37.45,37,29.66,1905800
6,20050826,36.95,37.1,36.95,29.5,1570900
6,20050829,37,37.05,36.1,29.1,1982500
6,20050830,36.5,37.35,36.25,29.66,1583100
6,20050831,37.1,37.6,36.75,29.82,2320000
6,20050901,37.55,37.7,37.2,29.94,1169500
6,20050902,37.7,37.8,37.45,29.9,973600
6,20050905,37.7,37.95,37.6,30.13,557300
6,20050906,37.95,38.3,37.7,29.97,1292000
6,20050907,38.3,38.3,38.05,30.33,933400
6,20050908,38.3,38.8,38.3,30.85,2263900
6,20050909,38.9,39.2,38.75,31.17,5652000
6,20050912,39.1,39.1,38.75,30.97,613400
6,20050913,38.2,38.3,37.75,30.51,877900
6,20050914,37.3,37.65,37.25,30.23,1856000
6,20050915,37.3,37.65,37.3,30.35,1077600
6,20050916,37.6,37.8,37.4,30.23,894000
6,20050919,37.45,37.45,37.45,30.23,0
6,20050920,37.6,38.1,37.35,30.15,1359700
6,20050921,37.5,37.8,37.3,30.19,783700
6,20050922,37.6,37.8,37.1,30.11,932100
6,20050923,37.45,37.5,37.05,30.27,1923500
6,20050926,37.35,38.1,37.1,30.63,1569300
6,20050927,37.95,38.25,37.9,30.67,2376600
6,20050928,38.6,38.6,37.85,30.79,1920100
6,20050929,38.3,38.6,38.15,31.15,1639300
6,20050930,38.55,38.8,38.05,30.95,1675800
6,20051003,38.7,39.2,38.7,31.24,2246300
6,20051004,39.15,39.2,38.8,31.48,1336100
6,20051005,39,39,38.05,31.24,3389000
6,20051006,38.45,38.45,37.75,30.71,4253300
6,20051007,38.2,38.25,37.95,30.71,2029000
6,20051010,38.1,38.4,37.85,30.75,1225500
6,20051011,38.1,38.1,38.1,30.75,0
6,20051012,38.3,38.3,37.95,30.67,4396200
6,20051013,38.05,38.5,38,30.95,1437800
6,20051014,38.2,38.2,36.9,30.39,4338200
6,20051017,38.15,38.15,36.8,30.23,2147400
6,20051018,37.4,37.4,36.95,30.02,1623600
6,20051019,36.9,36.9,36.3,29.5,1948000
6,20051020,36.85,36.85,36.1,29.38,1569400
6,20051021,36.3,36.65,36.05,29.42,951000
6,20051024,36.45,36.45,35.8,29.34,1320900
6,20051025,36.35,36.55,36.2,29.22,1941600
6,20051026,36.25,36.35,35.95,29.34,2039700
6,20051027,36.35,36.9,36.3,29.5,1365900
6,20051028,36.45,36.8,36.45,29.66,1308800
6,20051031,37,37,36.45,29.54,1074200
6,20051101,37,37.05,36.95,29.82,1199200
6,20051102,37,37.05,36.85,29.86,294000
6,20051103,37,37.2,36.8,30.02,760100
6,20051104,37.3,37.3,36.6,29.58,1554900
6,20051107,36.95,36.95,35,29.58,1774500
6,20051108,36.9,37.2,36.45,29.98,1194000
6,20051109,37.1,37.9,37.1,30.27,3034600
6,20051110,37.5,37.7,37.2,30.35,1372100
6,20051111,37.6,37.75,37.45,30.43,900200
6,20051114,37.9,37.95,37,29.98,1363000
6,20051115,37,37.4,36.8,30.02,779200
6,20051116,37.05,37.65,37,29.94,653500
6,20051117,37.9,38.15,37.65,30.75,3759000
6,20051118,38.55,38.65,37.95,30.79,2136600
6,20051121,38.6,38.6,37.6,30.47,2760200
6,20051122,37.9,38,37.05,30.43,3574600
6,20051123,37.9,38.3,37.65,30.67,2025200
6,20051124,37.6,37.8,37.5,30.47,876500
6,20051125,37.85,37.85,37.45,30.39,669000
6,20051128,38.2,38.2,37.35,30.27,948300
6,20051129,37.5,37.95,37.4,30.43,1157400
6,20051130,37.85,38.25,37.85,30.55,2594100
6,20051201,37.85,38.5,37.65,30.71,2857100
6,20051202,38.15,38.4,37.95,30.75,951700
6,20051205,38.6,38.6,38.2,30.99,847300
6,20051206,38.5,38.55,37.7,30.59,1730600
6,20051207,38.2,38.55,38,30.83,2343600
6,20051208,37.95,38.15,37.95,30.63,1855300
6,20051209,38.05,38.4,38.05,30.87,1084300
6,20051212,38.3,38.8,38.3,31.24,1489700
6,20051213,38.6,38.7,38.5,31.07,925800
6,20051214,38.55,38.6,38.5,31.07,1946400
6,20051215,38.8,38.85,38.3,31.11,2316600
6,20051216,38.6,38.6,38.5,31.07,1509400
6,20051219,38.5,38.85,38.5,31.28,1737900
6,20051220,38.8,39,38.5,31.4,1315600
6,20051221,38.9,39.1,38.5,31.32,1117800
6,20051222,38.75,39.15,38.7,31.4,991600
6,20051223,39,39.2,39,31.6,1069100
6,20051226,39.15,39.15,39.15,31.6,0
6,20051227,39.15,39.15,39.15,31.6,0
6,20051228,39.2,39.2,38.45,31.36,973000
6,20051229,38.85,38.95,38.45,31.15,739600
6,20051230,38.6,38.5,37.2,31.03,3546700
6,20060102,38.45,38.45,38.45,31.03,0
6,20060103,37.95,38,36.9,30.19,6840300
6,20060104,37.2,37.2,36.1,29.42,7670800
6,20060105,36.45,36.95,36,29.22,8390100
6,20060106,36.2,36.5,36.1,29.42,3916300
6,20060109,36.4,36.65,36.35,29.54,3463200
6,20060110,36.5,36.8,36.4,29.66,4392800
6,20060111,36.7,36.8,36.5,29.5,3340800
6,20060112,36.5,36.85,36.5,29.7,2825600
6,20060113,36.95,37,36.65,29.86,2096300
6,20060116,36.95,36.95,36.65,29.7,1582000
6,20060117,37.2,37.2,36.5,29.62,1718100
6,20060118,36.75,36.9,36.55,29.58,1826100
6,20060119,37,37,36.45,29.82,1782600
6,20060120,36.6,37.2,36.55,29.94,1555000
6,20060123,36.3,36.75,36.3,29.5,3101100
6,20060124,36.55,36.8,36.25,29.3,1324000
6,20060125,36.6,36.6,36.35,29.34,1150200
6,20060126,36.5,36.85,36.3,29.54,1476500
6,20060127,36.65,37.9,36.7,30.02,5742800
6,20060130,37.2,37.2,37.2,30.02,0
6,20060131,37.2,37.2,37.2,30.02,0
6,20060201,37.75,37.75,36.5,30.02,3821700
6,20060202,36.8,37,36.65,29.82,948800
6,20060203,36.75,36.75,36.35,29.42,3681800
6,20060206,36.7,36.7,36.25,29.62,1819800
6,20060207,36.5,36.6,36.25,29.46,1030700
6,20060208,36.3,36.7,36.15,29.18,2281200
6,20060209,36.25,36.55,36,29.1,987400
6,20060210,36.05,36.4,36,29.22,2678100
6,20060213,36.2,36.2,35.95,29.22,1805400
6,20060214,36,36.2,36,29.14,1424100
6,20060215,36.1,36.1,35.65,28.89,2941200
6,20060216,35.85,35.85,35.3,28.53,3499900
6,20060217,35.7,35.7,35.1,28.45,2780100
6,20060220,35.05,35.5,35.05,28.61,3654600
6,20060221,35.5,35.6,35.1,28.53,2550100
6,20060222,35.3,35.3,34.95,28.37,2285900
6,20060223,35.2,36.2,35,28.65,3776500
6,20060224,35.5,35.85,35.35,28.93,1864800
6,20060227,35.8,36.1,35.75,28.98,1848600
6,20060228,35.8,36.15,35.65,28.85,2221700
6,20060301,35.5,35.75,35.5,28.77,1786500
6,20060302,35.75,35.85,35.65,28.89,1311800
6,20060303,35.7,36.4,35.6,28.73,2239100
6,20060306,35.7,36.25,35.7,29.1,1933300
6,20060307,36.1,36.1,34.9,28.69,4614600
6,20060308,35.5,35.8,35.3,28.81,2762800
6,20060309,35.65,36.4,35.25,28.81,4078300
6,20060310,35.8,36.1,35.7,29.02,3817500
6,20060313,36.1,36.35,36.1,29.3,1453200
6,20060314,36.35,36.35,35.85,29.02,1818200
6,20060315,36.35,36.4,36,29.1,1862500
6,20060316,36.3,36.4,35.75,28.93,2277800
6,20060317,36.15,36.15,35.8,28.93,2316700
6,20060320,36,36.3,35.9,29.14,1918100
6,20060321,36.05,36.3,36.05,29.26,1082200
6,20060322,36.3,36.5,36,29.1,2452700
6,20060323,36.15,36.45,36.15,29.18,1541100
6,20060324,36.2,36.5,36.15,29.46,1292400
6,20060327,36.45,36.6,36.3,29.46,2391000
6,20060328,36.5,36.5,36.15,29.46,1393300
6,20060329,36.45,36.45,36.15,29.38,3329500
6,20060330,36.45,36.75,36.4,29.54,2581700
6,20060331,36.65,36.7,36.3,29.42,2794100
6,20060403,36.65,36.8,36.35,29.66,1893600
6,20060404,36.65,37.1,36.45,29.86,3059100
6,20060405,37,37,37,29.86,0
6,20060406,37,37.2,36.85,29.98,4343400
6,20060407,37,37.35,37,30.06,3679500
6,20060410,37.3,37.6,37.2,30.27,2193400
6,20060411,37.5,37.75,37.2,30.02,2198700
6,20060412,37.3,37.7,37.3,30.19,1228400
6,20060413,37.4,37.75,37.4,30.39,1413900
6,20060414,37.65,37.65,37.65,30.39,0
6,20060417,37.65,37.65,37.65,30.39,0
6,20060418,37.8,38,37.5,30.55,3430800
6,20060419,37.8,37.8,37.15,30.31,3723100
6,20060420,37.9,37.9,37.3,30.35,2015900
6,20060421,37.8,37.95,37.5,30.55,3060500
6,20060424,38,38,37.45,30.35,1690900
6,20060425,37.6,37.9,37.5,30.55,2425900
6,20060426,38,38.45,37.9,30.75,3391000
6,20060427,38.4,38.6,37.75,30.51,4149900
6,20060428,37.8,38.25,37.7,30.79,4013200
6,20060501,38.15,38.15,38.15,30.79,0
6,20060502,36.25,36.5,36.1,30.03,3505700
6,20060503,36.85,36.85,36.45,30.2,2301600
6,20060504,36.7,36.8,36.65,30.2,2374100
6,20060505,36.7,36.7,36.7,30.2,0
6,20060508,36.7,36.85,36.4,29.95,4187900
6,20060509,36.4,36.4,35.6,29.42,7375600
6,20060510,35.8,36.05,35.65,29.46,1578500
6,20060511,36,36.35,35.55,29.83,2263100
6,20060512,36.2,36.2,35.75,29.58,2538500
6,20060515,35.9,36.05,35.55,29.38,3401400
6,20060516,35.55,35.85,35.45,29.42,2968800
6,20060517,35.4,35.8,35.35,29.21,4616900
6,20060518,35.15,35.65,35.15,29.17,3354000
6,20060519,35.4,35.8,35.1,29.38,2967000
6,20060522,35.25,35.55,34.9,28.8,6193600
6,20060523,35,35.15,34.75,28.92,11379600
6,20060524,35.1,35.1,34.3,28.35,7684000
6,20060525,34.5,34.6,34.25,28.35,2714200
6,20060526,34.45,34.8,34.25,28.31,4797600
6,20060529,34.6,34.6,34.3,28.27,930000
6,20060530,34.35,34.45,34.2,28.18,2549900
6,20060531,34.25,34.25,34.25,28.18,0
6,20060601,34.4,34.4,34.05,28.22,3180500
6,20060602,34.2,34.45,34.1,28.14,1328600
6,20060605,34.3,34.35,34.25,28.22,1563000
6,20060606,34.25,34.65,34.15,28.43,3726900
6,20060607,34.85,34.85,34.25,28.31,1915100
6,20060608,34.2,34.4,33.95,28.06,5235700
6,20060609,34,34.55,34,28.43,6967900
6,20060612,34.05,34.7,34.05,28.47,2045600
6,20060613,34.5,34.65,34.3,28.43,3247400
6,20060614,34.5,35,34.3,28.27,2483200
6,20060615,34.95,34.95,34.35,28.51,1191300
6,20060616,34.9,34.9,34.2,28.14,3811700
6,20060619,34.15,34.5,34.15,28.39,1571500
6,20060620,34.5,34.7,34.15,28.43,2581000
6,20060621,34.55,34.55,34.05,28.39,1187500
6,20060622,35.25,35.25,34.4,28.59,1806000
6,20060623,34.8,34.95,34.4,28.68,1624200
6,20060626,35,35.1,34.4,28.68,2572600
6,20060627,34.5,34.95,34.45,28.59,1348500
6,20060628,34.6,35,34.5,28.51,2299400
6,20060629,35.2,35.2,34.75,28.64,1741000
6,20060630,35.2,35.35,34.95,28.88,3621100
6,20060703,35,35.6,35,29.17,1063900
6,20060704,35.55,35.7,35.4,29.25,1299300
6,20060705,35.5,36,35.3,29.09,1489600
6,20060706,35.05,36,35.05,29.38,1539500
6,20060707,35.7,36.15,35.7,29.5,1182500
6,20060710,35.75,36.5,35.55,29.62,1093900
6,20060711,35.8,36.2,35.7,29.38,1133700
6,20060712,35.85,36,35.45,29.62,1106000
6,20060713,36,36,35.65,29.42,1071100
6,20060714,35.55,36,35.55,29.38,996700
6,20060717,35.3,35.9,35.2,29.29,549500
6,20060718,35.9,35.9,35.3,29.33,920000
6,20060719,36,36,35.55,29.42,725400
6,20060720,36,36.2,35.75,29.62,1487500
6,20060721,36.1,36.1,35.95,29.62,425400
6,20060724,36.2,36.35,36,29.83,2396900
6,20060725,36.8,36.8,36.35,30.08,3388700
6,20060726,36.45,36.9,36.25,30.32,2568100
6,20060727,37,37.15,36.9,30.53,2398600
6,20060728,37,37,36.4,30.2,2653100
6,20060731,36.7,37.2,36.6,30.45,2220900
6,20060801,37,37.4,37,30.53,2150600
6,20060802,37.05,37.6,36.95,30.69,2351200
6,20060803,37.6,37.6,37.3,30.69,1125300
6,20060804,37.3,37.55,36.4,30.69,2878700
6,20060807,37.2,37.2,36.7,30.53,933200
6,20060808,37,37.4,36.95,30.57,1273300
6,20060809,36.7,37.85,36.7,30.94,2345000
6,20060810,37.6,37.6,37.2,30.82,354800
6,20060811,37.4,37.6,37.35,30.77,689800
6,20060814,37.4,37.6,37.2,30.61,586600
6,20060815,37.2,37.4,37.1,30.73,662700
6,20060816,37.2,37.7,37.1,30.94,1140100
6,20060817,37.5,37.7,37.45,30.82,1804100
6,20060818,37.5,37.85,37.2,30.65,2294400
6,20060821,37.4,37.4,36.65,30.2,2184800
6,20060822,37,37,36.65,30.2,1897700
6,20060823,36.65,37,36.6,30.28,1531400
6,20060824,36.8,37,36.7,30.36,1549100
6,20060825,36.95,37,36.7,30.24,830800
6,20060828,36.8,36.9,36.5,30.12,889700
6,20060829,36.6,37,36.6,30.16,1614200
6,20060830,36.9,37.1,36.85,30.45,1476100
6,20060831,37.65,37.75,36.95,30.61,2203500
6,20060901,37.2,37.25,37,30.53,1450400
6,20060904,37.65,37.75,37.3,30.77,1307200
6,20060905,37.45,37.6,37.2,30.77,2296000
6,20060906,37.7,37.75,37.2,30.77,3234500
6,20060907,37.3,37.3,37.1,30.69,2257100
6,20060908,37.6,37.6,37.2,30.77,881100
6,20060911,37.5,37.5,37,30.45,2232400
6,20060912,36.55,36.55,36.1,30.18,1651800
6,20060913,36.2,36.7,36.2,30.64,1485500
6,20060914,37,37,36.45,30.51,940900
6,20060915,36.5,36.85,36.35,30.81,1870500
6,20060918,36.75,37.3,36.65,31.06,1895700
6,20060919,37.15,37.35,36.65,30.76,1003500
6,20060920,36.5,37.4,36.5,31.22,1423500
6,20060921,37.35,37.45,36.8,30.93,1569500
6,20060922,36.8,37,36.5,30.68,992800
6,20060925,36.75,36.8,36.6,30.64,1289700
6,20060926,36.6,36.7,36.4,30.55,1601700
6,20060927,37.75,37.75,36.35,30.72,2016600
6,20060928,36.95,37,36.3,30.72,2226500
6,20060929,36.8,36.8,36.3,30.43,1638300
6,20061002,36.4,36.4,36.4,30.43,0
6,20061003,36.45,37.05,36.3,30.51,1893200
6,20061004,36.6,36.75,35.95,30.39,4073600
6,20061005,36.6,36.65,36,30.35,3504800
6,20061006,36,36.7,36,30.18,2367600
6,20061009,36,36.15,35.65,30.09,2519500
6,20061010,36,36.3,35.9,30.09,2066200
6,20061011,36.35,36.35,36,30.09,1228500
6,20061012,36.05,36.4,35.85,29.97,1305800
6,20061013,36.35,36.35,36.1,30.22,1018400
6,20061016,36.1,36.35,36,30.26,566700
6,20061017,36.2,36.6,35.95,30.43,1541800
6,20061018,36.3,36.55,36.1,30.55,2344000
6,20061019,36.55,36.55,36.15,30.26,1800200
6,20061020,36.4,36.5,36.15,30.35,1953000
6,20061023,36.3,36.45,36.15,30.26,1681600
6,20061024,36.2,36.25,36,30.14,3301400
6,20061025,36.2,36.2,35.9,30.18,2706800
6,20061026,36.3,36.3,36,30.18,2751700
6,20061027,36.05,36.45,35.95,30.43,2187700
6,20061030,36.4,36.4,36.4,30.43,0
6,20061031,36.7,36.75,36.2,30.6,1116200
6,20061101,36.8,36.8,36.35,30.39,1065700
6,20061102,36.3,36.45,36.2,30.47,1393700
6,20061103,36.7,36.7,36.25,30.43,2106500
6,20061106,35.85,36.55,35.85,30.47,2239500
6,20061107,36.95,36.95,36.35,30.51,2986500
6,20061108,36.3,36.7,36.3,30.68,1365900
6,20061109,36.75,36.75,36.3,30.47,1587400
6,20061110,36.55,36.7,36.4,30.51,1557700
6,20061113,36.35,36.45,36.3,30.47,1578200
6,20061114,36.4,36.85,36.4,30.68,1551100
6,20061115,36.8,36.8,36.55,30.76,1426400
6,20061116,36.5,36.8,36.45,30.6,1714200
6,20061117,36.6,36.95,36.4,30.89,1996100
6,20061120,37.15,37.15,36.3,30.43,1274800
6,20061121,36.65,36.85,36.65,30.64,1050900
6,20061122,36.4,36.9,36.4,30.85,1415900
6,20061123,37,37,36.55,30.64,957900
6,20061124,36.3,36.55,36.3,30.43,1880100
6,20061127,36.4,36.45,36.25,30.3,1415900
6,20061128,36.25,36.5,36.1,30.3,1652000
6,20061129,36.1,36.55,36.05,30.55,1402500
6,20061130,36.95,37,36.4,30.68,2840000
6,20061201,37,37,35.9,30.35,2891500
6,20061204,35.9,36.75,35.9,30.55,3370900
6,20061205,36.5,36.95,36.5,30.6,1884200
6,20061206,36.6,37.1,36.35,30.39,3203400
6,20061207,36.45,36.95,36.3,30.47,2429600
6,20061208,36.5,36.9,36.4,30.55,1911200
6,20061211,36.7,36.75,36.45,30.6,1690600
6,20061212,36.3,36.75,36.2,30.51,2590000
6,20061213,36.5,36.65,36.25,30.47,1852500
6,20061214,36.65,37.35,36.6,31.06,5158500
6,20061215,37.15,37.4,36.95,30.97,2717500
6,20061218,37.4,37.45,37.2,31.22,1869100
6,20061219,37.4,37.45,37.2,31.22,2588700
6,20061220,37.25,37.8,37.25,31.52,2688500
6,20061221,37.65,37.65,37.2,31.26,1465600
6,20061222,37.35,37.8,37.35,31.6,1852400
6,20061225,37.8,37.8,37.8,31.6,0
6,20061226,37.8,37.8,37.8,31.6,0
6,20061227,37.7,37.8,37.3,31.43,661600
6,20061228,37.6,37.95,37.5,31.72,2320300
6,20061229,37.9,38.15,37.4,31.72,1250200
6,20070101,37.95,37.95,37.95,31.72,0
6,20070102,38.35,38.5,37.65,32.18,2153400
6,20070103,37.8,38.3,37.75,31.93,2133900
6,20070104,38.05,38.1,37.85,31.81,2296400
6,20070105,38.25,38.3,37.9,31.81,2154000
6,20070108,38.8,38.8,38.2,32.1,1997300
6,20070109,38.7,38.8,38.35,32.31,1670000
6,20070110,38.8,39,38.45,32.48,2010400
6,20070111,38.7,38.95,37.65,32.14,937300
6,20070112,38.6,38.6,37.8,31.6,1916500
6,20070115,38.2,38.2,37.7,31.85,1175700
6,20070116,38.1,38.45,37.6,31.77,1223500
6,20070117,37.9,38.3,37.65,31.93,1945600
6,20070118,38.25,38.25,37.8,31.93,1112500
6,20070119,38.4,38.45,38,31.89,932900
6,20070122,38.6,38.7,38.3,32.23,1385400
6,20070123,38.6,38.7,38.15,32.27,1283800
6,20070124,38.65,38.65,38.05,32.23,1874600
6,20070125,38.5,38.55,38,31.81,895200
6,20070126,38.4,38.4,37.7,31.64,2583900
6,20070129,37.85,38.4,37.85,32.02,1740600
6,20070130,38.25,38.8,38.2,32.44,2004500
6,20070131,38.75,38.95,38.2,32.27,3287200
6,20070201,38.7,39.5,38.7,33.02,4028900
6,20070202,40,40,39.35,33.02,3572100
6,20070205,40,40,38.6,32.48,2126900
6,20070206,39.1,39.3,38.55,32.48,1917500
6,20070207,39.3,39.8,38.8,32.69,2156100
6,20070208,39.3,39.6,38.75,33.1,3215000
6,20070209,38.8,39.25,38.65,32.35,2970000
6,20070212,39,39.45,38.95,32.98,1745600
6,20070213,39.75,39.75,39.2,32.94,4310500
6,20070214,39.25,39.8,39.25,33.15,2848100
6,20070215,39.5,39.85,39.2,33.19,1255700
6,20070216,39.75,39.95,39.4,33.27,1691600
6,20070219,39.8,39.8,39.8,33.27,0
6,20070220,39.8,39.8,39.8,33.27,0
6,20070221,40.2,40.2,39.3,33.31,1417900
6,20070222,39.95,39.95,39.3,33.06,1996200
6,20070223,39.7,40.1,39.2,33.31,1815800
6,20070226,40.2,40.6,40,33.94,2382200
6,20070227,40.6,40.65,39.4,32.94,3865800
6,20070228,39.15,39.6,38.8,32.85,3628500
6,20070301,39.75,39.8,38.3,32.06,4129500
6,20070302,38.95,39.6,38.35,33.06,3563000
6,20070305,39.15,39.35,38.85,32.48,3169400
6,20070306,39.3,39.65,38.9,33.06,3548500
6,20070307,39.6,39.7,39,32.94,3398100
6,20070308,39.4,40.3,39.3,33.69,4046800
6,20070309,40.2,40.25,38.8,32.56,7395900
6,20070312,38.6,39.1,38.6,32.56,2665500
6,20070313,38.75,39.25,38.7,32.73,2809400
6,20070314,38.8,38.8,38,31.85,3781000
6,20070315,38.3,38.5,37.9,31.93,2400400
6,20070316,38.3,38.35,37.75,31.77,2362200
6,20070319,38.2,38.2,37.85,31.77,2788000
6,20070320,38.5,38.6,38,31.77,1728500
6,20070321,38.4,38.55,38,32.18,2524800
6,20070322,38.7,39.25,38.7,32.69,4450200
6,20070323,39.4,39.5,39.2,32.89,2398600
6,20070326,39.6,39.75,39.2,32.98,1579200
6,20070327,39.6,39.6,39.2,32.81,1259000
6,20070328,40,40,39,32.85,3098100
6,20070329,37.85,40.25,37.85,33.52,5603400
6,20070330,40.4,40.4,40,33.52,2755300
6,20070402,41,41,39.65,33.77,2976700
6,20070403,40.4,41,40.25,34.15,2086500
6,20070404,41.2,41.2,40.85,34.23,2264600
6,20070405,40.95,40.95,40.95,34.23,0
6,20070406,40.95,40.95,40.95,34.23,0
6,20070409,40.95,40.95,40.95,34.23,0
6,20070410,41.8,42,41.55,35.07,3599300
6,20070411,42.05,42.05,41.45,34.78,1961500
6,20070412,41.55,41.6,40.9,34.78,1638600
6,20070413,41.5,42.1,40.95,34.27,2821900
6,20070416,41.5,42.2,41.05,35.24,3348100
6,20070417,41.95,42.7,41.95,35.7,1550100
6,20070418,42.7,42.7,40.9,35.11,1518200
6,20070419,42,42.2,40.95,34.36,2024400
6,20070420,41.9,41.9,41.05,34.82,1270000
6,20070423,42,42.45,41,35.49,1779100
6,20070424,42.5,42.55,42.15,35.36,1053000
6,20070425,42.35,42.45,40.35,34.36,4107600
6,20070426,41.65,41.8,41.35,34.73,2281100
6,20070427,41.9,42.1,41.5,34.82,3292400
6,20070430,40.3,40.3,39.25,33.84,2616800
6,20070501,39.25,39.25,39.25,33.84,0
6,20070502,40.8,40.95,40.1,35.05,2591400
6,20070503,41.6,41.6,40.85,35.44,2989200
6,20070504,41.9,42,41.6,36,2742600
6,20070507,41.8,42.05,41.25,35.61,2021800
6,20070508,41.35,41.75,39.7,34.71,3839700
6,20070509,40.4,40.7,40,35.01,2000800
6,20070510,40.65,40.65,39.9,34.71,1810200
6,20070511,40.25,40.5,39.85,34.45,2050400
6,20070514,40,40.65,39.9,34.49,2978500
6,20070515,40.8,41,39.9,34.53,2557900
6,20070516,40.3,40.75,40.05,35.14,1603700
6,20070517,41.3,41.75,40.7,35.48,2720000
6,20070518,41.75,41.75,40.75,35.52,1188000
6,20070521,41.4,41.75,41.2,35.52,1712400
6,20070522,40.8,41.7,40.5,34.96,865600
6,20070523,40.6,41,40.25,34.75,2204300
6,20070524,40.3,40.3,40.3,34.75,0
6,20070525,40.3,40.3,39.45,34.62,4179200
6,20070528,39.65,39.75,39,33.89,4080200
6,20070529,39.25,39.95,39.25,33.84,1579000
6,20070530,39.5,39.95,39.3,33.97,3190000
6,20070531,39.4,40.8,39.4,34.79,4013600
6,20070601,41,41.1,39.5,34.1,1852700
6,20070604,39.7,40.25,39.7,34.49,1589000
6,20070605,40.25,40.65,39.8,34.75,2026000
6,20070606,41,41,40.15,35.01,1616200
6,20070607,40.6,40.8,40,35.05,2366400
6,20070608,40,40.4,39.55,34.45,3045700
6,20070611,39.9,40.25,39.85,34.49,1070000
6,20070612,39.8,40.3,39.4,33.97,1827500
6,20070613,39.9,39.9,39.05,33.84,2602600
6,20070614,39.5,39.75,39.3,33.97,2253100
6,20070615,39.5,39.85,39.35,34.36,1840400
6,20070618,39.8,40.05,39.45,34.45,1409700
6,20070619,39.95,39.95,39.95,34.45,0
6,20070620,39.8,40,38,34.45,3827400
6,20070621,39.9,40.3,39.6,34.53,2495900
6,20070622,40.4,40.4,39.4,33.97,2646800
6,20070625,39.4,39.9,38.35,33.07,3376300
6,20070626,39.1,39.15,38.3,33.15,2857800
6,20070627,39.2,39.85,38.5,34.1,4905300
6,20070628,40.5,40.8,39.9,34.53,4049100
6,20070629,40.9,40.9,39.35,34.06,2397100
6,20070702,39.5,39.5,39.5,34.06,0
6,20070703,40.95,40.95,39.5,34.06,3597700
6,20070704,40.45,40.45,39.4,33.97,1729300
6,20070705,39.4,39.9,39.1,34.02,1466400
6,20070706,39.95,40.15,39.35,34.45,2870000
6,20070709,40.8,40.8,39.25,33.93,4425100
6,20070710,39.75,39.75,39.35,33.97,2156200
6,20070711,39.85,39.85,39.6,34.19,1806700
6,20070712,39.5,39.9,39.25,33.93,2004700
6,20070713,40.2,40.2,39.15,33.93,2286600
6,20070716,39.5,39.5,39.05,33.93,1778200
6,20070717,39.8,40.35,39.4,34.71,4476000
6,20070718,40.45,40.45,39.85,34.53,2392000
6,20070719,40,40,39.5,34.4,1690600
6,20070720,40.4,40.4,39.5,34.45,981000
6,20070723,39.95,40.35,39.75,34.4,1706900
6,20070724,40.05,40.05,39.45,34.19,2781800
6,20070725,39.65,39.85,39.4,34.06,2088200
6,20070726,39.5,39.75,39.3,33.89,1422000
6,20070727,39.1,39.55,39.05,33.8,2299900
6,20070730,39.95,39.95,38.9,33.71,2719500
6,20070731,39,39.2,38.7,33.67,3586200
6,20070801,38.6,39.2,38.5,33.24,3358800
6,20070802,39,39.8,38.5,33.2,2992900
6,20070803,39,39,38.55,33.33,1463400
6,20070806,38.35,38.6,38,32.81,2224700
6,20070807,38.25,38.5,38,33.02,2677500
6,20070808,38.25,38.75,38.05,33.41,2211000
6,20070809,38.85,38.85,38,32.81,2982900
6,20070810,38.1,38.45,37.8,32.94,4049800
6,20070813,38.5,38.7,38.1,32.94,1529000
6,20070814,38.55,39.1,38.2,33.71,2478700
6,20070815,38.9,38.9,38.05,33.11,1983000
6,20070816,38.5,38.5,37.45,33.11,4710900
6,20070817,37.9,38.5,37.7,33.11,4046200
6,20070820,39.3,39.35,37.55,33.15,3950600
6,20070821,38.15,39.7,37.75,32.85,2788500
6,20070822,38.1,38.85,38.1,33.37,2354000
6,20070823,39.7,39.7,38.45,33.89,4717600
6,20070824,39.4,39.4,38.2,32.98,3447800
6,20070827,38.6,39.05,38.1,32.94,4369100
6,20070828,38.5,38.55,37.9,32.89,4327900
6,20070829,38.05,38.55,37.95,33.07,2031300
6,20070830,38.2,38.75,38.2,33.41,2907500
6,20070831,38.75,39.3,38.6,33.71,5291500
6,20070903,39.25,39.3,38.5,33.24,2689100
6,20070904,39.05,39.3,38.65,33.33,2589500
6,20070905,39.8,39.8,38.85,33.8,3820100
6,20070906,39.2,39.5,38.9,33.84,1367500
6,20070907,40.4,40.4,39,34.19,3183100
6,20070910,39.65,40.25,38.6,34.66,2939000
6,20070911,39,39.8,38.95,34.16,3473900
6,20070912,40,40,39,34.43,2380600
6,20070913,39.95,39.95,39.35,34.6,1485200
6,20070914,39.9,39.9,39.5,34.86,2416500
6,20070917,39.85,39.95,39.6,34.78,1684800
6,20070918,39.95,40,39.7,34.91,2425900
6,20070919,41.1,41.15,39.6,35.69,4039500
6,20070920,40.75,41,40.7,35.74,3569500
6,20070921,41,41,40.35,35.48,3122200
6,20070924,41.45,41.45,40,35.52,1553600
6,20070925,40.1,41,40,35.56,1827900
6,20070926,40.65,40.65,40.65,35.56,0
6,20070927,40.85,41,39.95,34.99,3567800
6,20070928,40.5,40.55,39.8,35.39,2537500
6,20071001,40.45,40.45,40.45,35.39,0
6,20071002,40.5,40.7,40.25,35.52,2574000
6,20071003,40.6,40.75,38.6,34.47,4266200
6,20071004,39.2,39.75,38.6,34.34,2478000
6,20071005,39.6,39.6,38.7,34.38,2445700
6,20071008,39.9,39.95,38.9,34.38,1554700
6,20071009,39.6,39.7,39,34.47,1551800
6,20071010,39.45,39.65,39.3,34.43,2862900
6,20071011,39.35,39.35,38.9,34.25,2347800
6,20071012,39.45,39.5,38.7,34.03,2812400
6,20071015,39.2,39.2,38.6,34.12,1844400
6,20071016,39,39,38.5,33.77,4742500
6,20071017,39.2,39.35,38.55,34.34,2734300
6,20071018,39.05,39.3,38.7,34.38,1970000
6,20071019,39.3,39.3,39.3,34.38,0
6,20071022,39.25,39.25,38.6,33.77,2047400
6,20071023,39.1,39.15,38.5,33.95,1446100
6,20071024,38.75,39.1,38.45,33.68,1739700
6,20071025,38.45,38.95,38.25,33.81,2322900
6,20071026,38.8,39,38.5,34.08,2291700
6,20071029,38.8,39.5,38.45,34.43,3564600
6,20071030,39.5,40.2,39.35,34.73,3725100
6,20071031,39.5,40,39.35,34.78,3756500
6,20071101,39.7,40,38.7,34.6,4774900
6,20071102,39.3,39.7,38.5,34.73,3756500
6,20071105,39.9,39.9,38.8,33.95,2957900
6,20071106,39.75,39.8,38.7,34.82,3184900
6,20071107,39.8,40.3,39.6,34.91,5964200
6,20071108,39.1,40,38.9,34.34,2177100
6,20071109,39.7,39.75,39.05,34.51,1820800
6,20071112,38.5,39.9,38.5,34.78,3023900
6,20071113,39.75,40.5,39.5,35.3,4149100
6,20071114,40.5,40.6,39.7,35.43,3088500
6,20071115,39.8,40.75,39.8,35.3,3253300
6,20071116,40.35,40.8,40.15,35.43,5106200
6,20071119,41,41.2,40.3,35.78,2628900
6,20071120,40.2,40.5,39.25,34.91,3187700
6,20071121,39.65,39.65,38.7,33.9,2946900
6,20071122,38.6,39.2,38.1,33.46,2623600
6,20071123,38.4,38.75,38.15,33.68,2350600
6,20071126,39.15,40,38.95,34.64,2987200
6,20071127,38.55,39.9,38.5,34.43,2456600
6,20071128,39.9,39.9,38.9,34.69,2280600
6,20071129,40,41.3,40,35.39,6267400
6,20071130,40.4,41.25,40.4,35.69,4166800
6,20071203,40.65,41.8,40.4,36.26,4640600
6,20071204,41.9,42,41.4,36.44,3895200
6,20071205,41.65,43,41.65,37.36,8237400
6,20071206,41.9,44.1,41.9,38.1,4103000
6,20071207,43.2,44.55,42.6,37.31,6402700
6,20071210,44.1,44.5,42.15,36.88,5278600
6,20071211,42,43.75,41.9,38.14,3717300
6,20071212,43.4,43.4,41.5,36.48,2874400
6,20071213,41.5,42,40.1,35.78,3705200
6,20071214,41.5,41.85,40.5,35.69,2500000
6,20071217,41.15,41.25,39.7,34.73,3376600
6,20071218,39.7,42.4,39.7,36.83,7380200
6,20071219,42.1,43.6,42.05,37.97,3635300
6,20071220,43.55,43.6,42.3,37.79,1767300
6,20071221,42.3,44.6,42.3,38.89,2618300
6,20071224,45.45,45.45,43.65,38.93,2342600
6,20071225,44.5,44.5,44.5,38.93,0
6,20071226,44.5,44.5,44.5,38.93,0
6,20071227,44.65,45,43.7,38.63,1963300
6,20071228,44,44.5,43.2,38.49,1589900
6,20071231,44,45,43.9,39.37,873000
6,20080101,45,45,45,39.37,0
6,20080102,45.4,45.4,43.95,38.93,1357500
6,20080103,44.35,44.95,43.6,38.49,2516900
6,20080104,44.15,45.8,44.15,39.94,3927700
6,20080107,45.45,45.45,43.5,38.8,4422700
6,20080108,44.4,44.95,43.35,38.19,4014100
6,20080109,43.5,44.4,42.4,38.36,3333100
6,20080110,44,44.2,42.75,38.23,4201800
6,20080111,43.8,44.35,42.2,37.62,4535200
6,20080114,42.8,45.1,42.8,38.36,4962400
6,20080115,44.05,45.3,43.75,38.63,5323500
6,20080116,43.5,44.85,43.4,38.49,5500800
6,20080117,44.05,45.25,44.05,39.37,5349700
6,20080118,44.05,46.35,44.05,39.81,5922600
6,20080121,44,45,43.65,38.19,5653200
6,20080122,40.3,44.25,39.8,37.71,7467200
6,20080123,42.05,45.5,42.05,39.11,7830800
6,20080124,44,44,42.5,37.18,8543300
6,20080125,43,44,42.65,38.06,5141900
6,20080128,43.2,43.2,42.1,37.62,3154300
6,20080129,43.2,43.95,43.2,38.23,4970600
6,20080130,44,44.4,43.8,38.49,4086300
6,20080131,44,44.5,43.6,38.89,4805800
6,20080201,44,44.8,44,39.06,4859200
6,20080204,44.65,44.95,44.6,39.24,3785100
6,20080205,45.3,45.35,44.05,39.37,7309200
6,20080206,44.1,44.3,43.6,38.76,3548900
6,20080207,44.3,44.3,44.3,38.76,0
6,20080208,44.3,44.3,44.3,38.76,0
6,20080211,44,44.25,43.15,37.75,2630200
6,20080212,44,44.1,43,38.36,2382900
6,20080213,44.9,44.9,43.35,38.06,3614900
6,20080214,44.7,45.2,44.3,39.33,4502500
6,20080215,44.7,45.6,43.85,39.72,2774300
6,20080218,46.8,46.8,45.2,40.07,2974900
6,20080219,46.6,46.6,44.95,39.33,2438000
6,20080220,44.95,45.3,43.8,38.58,3653500
6,20080221,44,44.95,44,38.54,3276600
6,20080222,43.6,45.85,43.6,40.07,5022300
6,20080225,46.15,46.5,45.2,40.33,4811300
6,20080226,45.55,46,45,39.68,4734400
6,20080227,45.55,45.75,45.3,39.85,3527300
6,20080228,44.65,45.05,44.6,39.28,4972200
6,20080229,44.5,44.9,43.95,38.58,4374300
6,20080303,43.8,44.4,43.15,38.84,3444500
6,20080304,44.6,44.8,43.7,38.93,3119700
6,20080305,45,45.85,44.6,39.37,3600100
6,20080306,45.8,45.8,44.4,39.19,2904000
6,20080307,43.8,44.75,43,37.62,5142600
6,20080310,41,45.2,41,38.93,7631800
6,20080311,45.1,47,44.15,41.03,6704900
6,20080312,48,48,46.15,41.43,5613900
6,20080313,46.5,47.7,45.85,41.08,6030500
6,20080314,46.6,51,46.6,43.57,10920600
6,20080317,49.9,51.5,48.75,44.44,7689400
6,20080318,51,52.4,49.9,44.97,8419600
6,20080319,52.5,52.5,49.05,44.36,5692000
6,20080320,49.5,51.4,49.45,44.18,5136800
6,20080321,50.5,50.5,50.5,44.18,0
6,20080324,50.5,50.5,50.5,44.18,0
6,20080325,50.4,50.5,49,43.35,5601100
6,20080326,49.35,49.7,48.75,42.83,3283900
6,20080327,48.95,49.5,48.5,43.26,3830100
6,20080328,48.8,49.9,48.8,43.61,3222800
6,20080331,49.4,49.7,48.8,43,3258000
6,20080401,49,49,48.05,42.61,3391100
6,20080402,49,49,47,41.21,7568900
6,20080403,47.05,47.8,46.65,41.08,3854400
6,20080407,48,48.1,47.15,41.51,3117700
6,20080408,47.4,47.55,46.6,41.29,5179800
6,20080409,47.15,48.8,47.15,42.56,3515900
6,20080410,49,49.35,48.2,42.87,4274000
6,20080411,49,49.9,48.6,43.39,5219700
6,20080414,48.45,49.7,48.15,42.83,4485800
6,20080415,49.5,49.9,49,43.35,4159500
6,20080416,50.5,50.5,48.85,42.87,1974900
6,20080417,50,50,48.8,42.87,4080300
6,20080418,49.6,49.6,48.7,42.65,3076500
6,20080421,49,50,48.95,43.17,3159100
6,20080422,49.25,49.35,48.8,43.09,3036400
6,20080423,49,49.45,48.5,42.48,3031600
6,20080424,48.8,48.95,47.6,41.99,6339200
6,20080425,48.1,48.2,47.7,41.78,2949100
6,20080428,48.9,48.9,47.95,42.08,3915400
6,20080429,48.8,49.15,48.5,42.83,6680300
6,20080430,49,49.35,48.5,42.87,2543300
6,20080502,49.8,49.8,48.25,42.61,5621100
6,20080505,49,49.1,48.2,42.39,4489300
6,20080506,47,47.3,46.8,42.37,2733800
6,20080507,47.7,47.7,45.1,40.79,5983800
6,20080508,45.05,45.95,45,40.93,5655900
6,20080509,45.5,46.35,44.55,41.47,3253900
6,20080513,46.3,47.2,46,42.37,4632900
6,20080514,46.6,46.7,45.8,41.92,2654000
6,20080515,46.5,46.7,45.6,41.38,5046000
6,20080516,45.8,46.4,45.35,40.97,2572200
6,20080519,45.2,45.55,44.8,40.79,3752700
6,20080520,45.3,45.4,44.5,40.39,3787800
6,20080521,44.75,45.85,44.65,41.06,2888800
6,20080522,45.25,45.5,44.5,40.88,4180800
6,20080523,45.9,45.9,45,40.84,3090500
6,20080526,45,46.75,45,41.87,3850200
6,20080527,46.45,47,46.05,42.19,2885500
6,20080528,46.8,47.1,46.3,42.37,1756600
6,20080529,47,47.6,46.55,42.73,2423300
6,20080530,47.5,47.5,46.5,42.46,2693100
6,20080602,46.8,47.8,46.5,42.05,1878000
6,20080603,45.8,47.8,45.8,42.82,4773500
6,20080604,47.95,48.4,47,43.36,5858300
6,20080605,48,49,47.85,44.13,2493700
6,20080606,49,49,47.6,42.96,4531100
6,20080610,46,47.65,46,42.32,4069400
6,20080611,46.15,47.35,46.15,42.64,2380300
6,20080612,46.45,48.6,46.45,43.54,4744200
6,20080613,48.6,48.6,46.95,42.32,3251900
6,20080616,47.6,48.2,47,43.09,2170200
6,20080617,47.4,47.6,47.2,42.82,1326400
6,20080618,46.9,47.35,46.9,42.32,2240900
6,20080619,46.2,46.95,46.2,41.92,2551100
6,20080620,46.2,48.05,46.2,42.59,2722500
6,20080623,46.35,47.85,46.35,42.73,2993200
6,20080624,46.95,47.7,46.95,42.64,2332800
6,20080625,47.5,48.1,46.75,42.32,2743300
6,20080626,47,47.5,46.65,42.14,3103600
6,20080627,46.1,46.7,46,42.1,3007900
6,20080630,46.5,47.3,46.35,42.05,3369000
6,20080702,45.8,47,45.8,41.65,3058800
6,20080703,47,47,46.4,42.19,2587900
6,20080704,47,47.35,46.6,42.14,3083000
6,20080707,46.75,47.3,46.75,42.19,1834400
6,20080708,46.15,46.75,45.75,41.56,2966900
6,20080709,46.95,47,46,41.96,3934100
6,20080710,46.35,46.35,45.8,41.69,3388800
6,20080711,45.9,46.5,45.9,41.78,2981200
6,20080714,45.8,46.4,45.8,41.47,1894500
6,20080715,45.35,45.85,45.3,41.15,3080500
6,20080716,45.15,45.95,45.1,41.29,2792600
6,20080717,45.6,45.9,45,40.66,3736900
6,20080718,45.65,45.8,45.1,41.29,1427300
6,20080721,46,46.55,45.5,41.33,2330500
6,20080722,45.4,46.05,45.4,41.24,1146800
6,20080723,45.45,45.85,45.3,41.15,3600300
6,20080724,45.45,45.7,45.2,41.02,3136000
6,20080725,45.15,46.05,45.15,41.33,3782500
6,20080728,45.85,46.4,45.65,41.65,2993200
6,20080729,45.6,46.25,45.45,41.56,1990200
6,20080730,45.65,46,45.4,41.2,3478900
6,20080731,45.5,46,45.4,40.93,3254700
6,20080801,45.2,46.2,44.9,41.29,3150200
6,20080804,45.4,46,45.4,41.38,1385200
6,20080805,45.65,46.95,45.55,41.87,5103800
6,20080806,46.45,46.45,46.45,41.87,0
6,20080807,47.3,47.75,46.9,42.64,7068300
6,20080808,47.8,48.85,47.6,43.5,5975400
6,20080811,48.25,50.35,48.2,45.12,7321700
6,20080812,50.5,51.5,49.8,45.07,6554800
6,20080813,49.25,50.45,49.2,44.89,3605300
6,20080814,49.2,51.65,49.2,45.84,4754700
6,20080815,51.45,51.45,49.25,45.07,3672800
6,20080818,49.75,50.55,49.3,45.57,2786800
6,20080819,49.75,51,49.75,45.52,2940200
6,20080820,50.85,51.45,50.4,45.98,4158000
6,20080821,50,50.1,48.5,44.53,5102700
6,20080825,49.4,49.95,49.15,44.62,3552300
6,20080826,49.5,49.5,48.7,44.35,2357600
6,20080827,49,49.55,48.75,44.58,1517200
6,20080828,49.5,49.7,48.6,44.44,1933600
6,20080829,49.5,50.7,49.1,44.85,5114000
6,20080901,49.8,50.2,49.5,45.07,2408500
6,20080902,50,50.05,49.2,44.98,3830900
6,20080903,49.1,50.05,49.1,44.98,4502600
6,20080904,49.7,49.85,49.1,44.26,2760500
6,20080905,49.25,49.9,48.65,44.8,6352700
6,20080908,49.5,50.7,49.1,45.71,4779600
6,20080909,50.05,51.2,50.05,46.18,4399100
6,20080910,50,52,50,46.32,6751700
6,20080911,50,50.6,49.6,45.54,4291900
6,20080912,49.05,50,49.05,45.27,3887900
6,20080916,47.9,49.9,47.6,44.67,5561700
6,20080917,49.35,49.6,47.65,44.86,3584300
6,20080918,49.2,49.2,47.25,43.99,6666200
6,20080919,47.2,47.55,46,43.4,7903000
6,20080922,47.1,47.2,46.25,42.44,7144700
6,20080923,45,46.8,45,42.3,6792900
6,20080924,46.85,47.8,46.3,42.89,4870300
6,20080925,46.5,47.85,46.5,43.53,3182600
6,20080926,47.05,47.85,46.8,43.21,5762500
6,20080929,47.35,47.5,46.55,42.48,3239700
6,20080930,46.7,49,46.2,44.26,8619500
6,20081002,47.4,49.75,47.1,45.36,8753500
6,20081003,48.35,48.7,47.7,43.99,4234200
6,20081006,47.5,48.4,47.15,43.9,4673200
6,20081008,46,48.55,45.35,41.39,11332300
6,20081009,45,47.3,45,42.35,8031300
6,20081010,45,45.2,42.8,40.43,8276600
6,20081013,43.6,47.55,43.6,42.89,9082800
6,20081014,47,47.2,43.65,39.97,15335800
6,20081015,43.2,43.55,42.15,38.47,10161000
6,20081016,42.15,43.95,39.8,38.47,10921400
6,20081017,42.65,43.5,41.4,37.78,6582000
6,20081020,43,44.6,41.95,40.52,6503500
6,20081021,46.3,46.3,42.75,40.02,5039400
6,20081022,41.5,44.55,41.5,38.79,3040500
6,20081023,41.5,43.3,41,38.74,4473800
6,20081024,43.8,43.8,40,38.06,4478700
6,20081027,40.55,41.8,37.1,34.09,6107700
6,20081028,37.05,40.15,36.7,36.51,6160900
6,20081029,39.15,44.6,39,37.42,6961000
6,20081030,40.5,45.15,40.4,40.2,6771900
6,20081031,42.5,42.85,40,37.65,5970100
6,20081103,42.8,44.7,42.35,39.79,3401600
6,20081104,42.75,43.7,41.85,39.88,3109800
6,20081105,44.8,44.8,41.15,37.6,7928600
6,20081106,41,42,40.65,38.33,4907800
6,20081107,42,46,41.95,41.98,6009800
6,20081110,46,46.1,43.5,40.84,4519600
6,20081111,44.5,44.75,42.6,38.88,2910300
6,20081112,42.6,44.15,42,38.7,4064600
6,20081113,41.6,42.15,41,38.06,2999400
6,20081114,43.2,43.5,42,39.06,3184400
6,20081117,43,44,43,39.61,1605300
6,20081118,42.5,43.65,41.5,38.33,3054600
6,20081119,41.75,42.55,41.6,38.06,3567000
6,20081120,40.5,41,39.05,37.42,4368300
6,20081121,39.5,42.5,39.45,38.79,3955600
6,20081124,40.8,42.85,40.8,38.83,4124300
6,20081125,43.45,44.7,43.15,40.43,6593000
6,20081126,44,45,43.25,40.16,5942400
6,20081127,44,44.2,43,39.24,8666900
6,20081128,42.15,43.6,42.15,39.7,3370800
6,20081201,43.7,44.05,42.9,39.33,2926600
6,20081202,42.6,42.9,42,38.42,6851800
6,20081203,42.85,43.8,42.3,39.7,5096100
6,20081204,43.75,43.8,42.05,38.65,3493100
6,20081205,43.2,43.75,42.8,39.43,5259300
6,20081208,43.8,44.95,43.2,40.7,4387200
6,20081209,43.55,43.9,43.3,40.06,5474300
6,20081210,43.9,43.9,43.1,39.56,5883800
6,20081211,43,43.2,42.05,38.65,6396100
6,20081212,42,42.3,41.8,38.38,7218100
6,20081215,42.75,43.45,42.75,39.47,5499400
6,20081216,43.5,43.7,42.6,39.75,4093900
6,20081217,42.9,43.1,42.05,38.42,8627200
6,20081218,42.1,42.7,41.55,38.01,8128300
6,20081219,42.2,42.2,40,36.51,8236800
6,20081222,40.3,41.05,40.1,36.96,3178800
6,20081223,41.2,41.2,40.45,37.46,2635400
6,20081224,41.5,42,40.8,37.6,2084900
6,20081229,41.3,43,40.5,39.24,4015500
6,20081230,42.5,43.45,42.5,39.24,3371100
6,20081231,43,43.5,42.15,39.7,2555400
6,20090102,42.65,43,42.15,39.02,4711800
6,20090105,42.8,42.8,41.7,38.29,4789700
6,20090106,41.95,42.6,41.85,38.38,4295600
6,20090107,42.5,42.55,41.1,37.51,7998100
6,20090108,41.6,42.3,41.6,38.42,4195500
6,20090109,42,42.4,41.9,38.42,4160300
6,20090112,42.5,43.8,42,39.7,5080800
6,20090113,44,44.2,43.25,39.47,4564000
6,20090114,43.7,43.7,42.9,39.38,3105900
6,20090115,43.3,43.3,42.1,38.79,4363700
6,20090116,43.5,44.2,42.7,40.29,4592200
6,20090119,44.5,45.15,44.35,40.61,2882600
6,20090120,44.2,44.6,43.9,40.34,4408100
6,20090121,43.3,45.95,43.3,41.94,4771300
6,20090122,44.55,45.35,43.95,41.07,6676300
6,20090123,45.8,45.8,43.05,40.93,4009100
6,20090129,47.7,47.7,44.9,41.89,6595000
6,20090130,45.15,45.7,44.7,41.71,3880100
6,20090202,45.7,46,43.95,40.48,4542400
6,20090203,44,44.35,43.85,40.16,2858600
6,20090204,44.45,44.5,43.7,40.16,2929300
6,20090205,43.65,44,43.35,39.75,5086200
6,20090206,43.95,44.75,43.6,40.75,5163100
6,20090209,44.7,44.7,43.75,40.16,3632600
6,20090210,43.7,44.65,43.65,40.16,2636200
6,20090211,43.7,44.35,43.65,40.34,2657300
6,20090212,44,44.6,43.85,40.34,1691600
6,20090213,44.2,45.4,44.2,41.43,3476400
6,20090216,45.95,47,44.35,42.89,2705600
6,20090217,46.8,46.8,45.5,42.16,3214600
6,20090218,45.5,47,45.5,42.44,3652400
6,20090219,46,46.85,45.6,42.21,3250500
6,20090220,46,46.5,45.3,41.75,3376200
6,20090223,46,48.1,45.85,42.89,5610600
6,20090224,47.95,48.6,46.65,44.26,7461100
6,20090225,48.5,48.65,47.45,44.13,5232800
6,20090226,48.35,48.35,46.5,42.94,5975100
6,20090227,47.05,48,46.85,43.81,3492900
6,20090302,47,48,46.55,42.76,4546700
6,20090303,46.55,46.6,45.85,41.98,4801600
6,20090304,45.8,46.55,45.2,42.3,3472000
6,20090305,45.6,46.15,45,41.98,5028600
6,20090306,46,46.45,45.15,41.43,6115700
6,20090309,45,45.75,44.25,41.11,6523000
6,20090310,44.9,46.95,44.9,42.16,5826500
6,20090311,46,46.2,45.3,41.34,3507300
6,20090312,45.1,45.9,45.1,41.62,2123900
6,20090313,45.8,46.85,45.5,42.44,2683100
6,20090316,47.2,47.2,45.75,42.16,2796500
6,20090317,46.05,47.6,45.7,43.26,4429800
6,20090318,47,47.45,46.6,42.85,3239200
6,20090319,46.8,47.05,46.5,42.85,2831000
6,20090320,46.3,47.45,46.25,42.71,4589600
6,20090323,47.6,50.15,47.55,43.9,3169000
6,20090324,47.35,47.9,46.45,42.8,5981600
6,20090325,47.25,47.6,46.95,42.99,2706600
6,20090326,47.45,47.6,46.75,42.8,5983400
6,20090327,46.05,46.6,44.1,41.66,5511100
6,20090330,45.1,46.85,45.1,42.21,3437700
6,20090331,46.9,47.1,45.65,42.26,4175200
6,20090401,46,46,45.55,41.66,3215900
6,20090402,45.2,45.7,45.2,41.66,6606100
6,20090403,44.8,45.25,44.1,40.57,9405000
6,20090406,44.2,45.45,44.15,41.3,4614500
6,20090407,45,45.65,44.95,41.62,3418800
6,20090408,46,46,45.05,41.94,4721600
6,20090409,46,46.05,45.4,41.89,3022000
6,20090414,46,46,44.5,41.53,4363300
6,20090415,45.2,45.45,45.05,41.3,2971600
6,20090416,45.5,45.8,45.2,41.34,4390000
6,20090417,45.8,46.2,45.35,41.48,4200100
6,20090420,45.9,45.9,45.2,41.39,2297100
6,20090421,45.8,46.6,45.8,42.53,4526000
6,20090422,46,46,45.7,41.94,4325200
6,20090423,45.85,46.1,45.65,41.98,2075900
6,20090424,46.15,46.15,45.8,41.98,1687100
6,20090427,45.7,46,45.5,41.94,2229200
6,20090428,46.05,46.1,45.65,41.89,2402700
6,20090429,45.8,46,45.65,41.94,2430300
6,20090430,45.6,46.15,45.6,41.89,5689600
6,20090504,46.2,46.2,45.2,41.34,14171500
6,20090505,43.3,44.15,43.3,41.1,7158600
6,20090506,43.5,43.5,42.9,40.81,5548600
6,20090507,42.95,43.2,42.5,40.25,9100600
6,20090508,41.85,42.45,41.85,40.01,9438800
6,20090511,41.7,42.25,41.6,39.73,7409400
6,20090512,41.85,42.5,41.85,40.01,4040500
6,20090513,42.4,42.7,41.8,39.78,5546500
6,20090514,41.85,42.6,41.8,39.87,4265600
6,20090515,42.45,42.6,42.1,40.06,2803400
6,20090518,42.15,42.8,42,40.39,4085900
6,20090519,42.5,42.55,42,39.68,6463600
6,20090520,42.1,42.35,41.95,39.59,5218800
6,20090521,42.05,42.3,42,39.92,4824100
6,20090522,42.2,42.4,41.85,39.78,4474600
6,20090525,41.85,42.15,41.85,39.54,2614000
6,20090526,41.9,42.1,41.75,39.49,3486200
6,20090527,41.85,42.2,41.75,39.59,6003500
6,20090529,41.75,42,41.6,39.26,7192500
6,20090601,41.85,41.85,41.55,39.4,9223800
6,20090602,41.6,41.95,41.5,39.4,5146000
6,20090603,41.9,42,41.25,39.07,7729100
6,20090604,41.6,41.8,41.2,39.35,7005400
6,20090605,41.6,41.6,41.25,39.21,5237400
6,20090608,41.5,41.75,41.25,39.16,3603300
6,20090609,41.6,42.1,41.3,39.59,4429900
6,20090610,42.4,42.8,42.15,40.3,6736200
6,20090611,42.4,42.6,42.1,40.11,3263300
6,20090612,42.45,42.45,41.8,39.87,3769100
6,20090615,41.9,42.2,41.9,39.68,1967100
6,20090616,42.2,43,42.1,40.15,7637400
6,20090617,43,43.9,42.75,41.24,10277700
6,20090618,43.4,43.8,43.05,41.05,3307100
6,20090619,43.95,44,43.45,41.29,5408900
6,20090622,43.7,43.7,42.8,40.39,2664300
6,20090623,42.8,43.45,42.5,40.67,3342400
6,20090624,43.25,43.55,42.75,41.1,1785300
6,20090625,43.45,43.7,42.9,41.14,2866700
6,20090626,43.65,43.8,43.15,41.19,2633700
6,20090629,43.7,43.8,43.25,40.86,1870100
6,20090630,43.65,43.7,43.1,40.72,1905000
6,20090702,43.6,43.6,42.25,40.01,7349800
6,20090703,42.2,42.65,42.1,40.01,3077000
6,20090706,42.75,42.8,42.05,40.11,2698700
6,20090707,42.6,42.7,42.2,40.11,1931400
6,20090708,42.25,42.9,42.2,40.11,2587000
6,20090709,42.5,42.75,42.35,40.06,1599000
6,20090710,42.7,42.75,42.3,40.15,1406200
6,20090713,42.7,42.9,42.3,40.11,3670900
6,20090714,43.1,43.1,42.45,40.58,1487900
6,20090715,43,43.1,42.6,40.53,3066900
6,20090716,42.85,43.05,42.4,40.3,4553600
6,20090717,42.7,42.75,42.25,40.11,6078500
6,20090720,42.45,42.55,42.1,39.78,8825600
6,20090721,42.3,42.3,42,39.63,6870300
6,20090722,42.4,42.5,42.1,39.87,4134600
6,20090723,42.15,42.5,42.15,40.01,3657800
6,20090724,42.35,42.55,42.1,39.78,4560800
6,20090727,42.45,42.9,42.25,40.44,5065400
6,20090728,42.7,43,42.6,40.58,6227900
6,20090729,43,43,42.1,39.96,5774600
6,20090730,42.45,43,42.45,40.48,3443200
6,20090731,43,43,42.6,40.2,4511200
6,20090803,42.75,42.95,42.5,40.34,3632400
6,20090804,42.6,42.75,42.35,40.01,7038800
6,20090805,42.3,42.55,42.2,39.87,5826100
6,20090806,42.45,43,42.4,40.53,5925400
6,20090807,42.75,43,42.65,40.44,5515400
6,20090810,43,43.25,42.8,40.67,3496700
6,20090811,43.25,43.3,43,40.86,4878000
6,20090812,43.3,43.35,42.65,40.53,4289000
6,20090813,43.1,43.2,42.65,40.77,2675800
6,20090814,43.4,43.4,43,40.63,4501900
6,20090817,42.65,43.2,42.65,40.53,3235300
6,20090818,43.1,43.3,43,40.58,4364100
6,20090819,43.05,43.3,42.65,40.25,3488000
6,20090820,42.7,43.35,42.65,40.91,2740100
6,20090821,43,43.35,42.8,40.86,1128000
6,20090824,43.55,43.65,43.2,41.19,2015200
6,20090825,43.6,43.75,43.1,41.19,2245000
6,20090826,43.5,43.65,43.35,41.05,1887600
6,20090827,43.3,43.8,43.15,41.29,2752100
6,20090828,43.8,43.95,43.7,41.43,2323700
6,20090831,43.75,43.75,42.8,40.86,4189600
6,20090901,43.25,43.8,43.1,41.24,2112300
6,20090902,43.5,43.8,43.25,41.33,3060200
6,20090903,43.3,43.35,42.65,41.07,2767700
6,20090904,42.7,43,42.45,41.11,3376000
6,20090907,42.85,42.95,42.55,40.87,1748400
6,20090908,42.8,43.15,42.6,41.26,2754100
6,20090909,43.1,43.1,42.5,40.73,3818000
6,20090910,42.75,42.75,42.4,40.63,3656900
6,20090911,42.65,42.8,42.4,40.78,2679600
6,20090914,42.3,42.8,42.3,40.78,2910500
6,20090915,42.9,42.9,42.4,40.78,1496400
6,20090916,42.7,42.75,42.4,40.78,3078200
6,20090917,42.6,42.85,42.5,40.92,4308800
6,20090918,42.5,42.7,42.3,40.73,4592800
6,20090921,42.6,42.7,42.4,40.63,1270800
6,20090922,42.45,42.95,42.45,40.92,1840100
6,20090923,42.9,42.9,42.55,40.87,1488600
6,20090924,42.7,42.7,42.45,40.63,2232100
6,20090925,42.9,42.9,42.4,40.68,2064100
6,20090928,42.25,42.5,42.2,40.49,2003000
6,20090929,42.3,42.5,42,40.25,3857200
6,20090930,42,42.6,41.95,40.78,4399400
6,20091002,42.5,42.5,41.8,40.16,4634100
6,20091005,42.35,42.35,41.9,40.2,2111500
6,20091006,41.9,42,41.25,39.87,8438400
6,20091007,41.8,42.4,41.7,40.59,5611300
6,20091008,42.05,42.3,42,40.3,1710600
6,20091009,42.25,42.25,41.9,40.16,2751100
6,20091012,41.95,42.2,41.7,40.16,2552800
6,20091013,42,42.2,41.9,40.25,2866000
6,20091014,41.95,42.25,41.95,40.35,2500300
6,20091015,42,42.35,42,40.2,3307900
6,20091016,42.35,42.35,42.1,40.49,2137500
6,20091019,42.3,42.45,42,40.3,2249000
6,20091020,42.05,42.2,41.9,40.25,5516000
6,20091021,42.1,42.1,41.8,40.01,2189100
6,20091022,42,42.1,41.5,39.73,7127900
6,20091023,41.8,41.85,41.6,39.92,2123600
6,20091027,41.55,41.8,41.5,39.73,3969800
6,20091028,41.8,41.8,41.5,39.87,1731800
6,20091029,41.4,41.7,41.4,39.87,2801000
6,20091030,41.8,41.8,41.4,39.73,2739800
6,20091102,41.4,41.5,41.2,39.63,2435700
6,20091103,41.3,41.55,41.2,39.44,3099100
6,20091104,41.5,41.95,41.45,39.92,3227900
6,20091105,41.75,41.9,41.25,39.63,3578200
6,20091106,41.65,41.8,41.6,39.82,2213000
6,20091109,41.8,41.85,41.5,39.82,3379900
6,20091110,42,42,41.6,40.06,1958800
6,20091111,41.9,42,41.6,40.06,2262000
6,20091112,41.9,42,41.75,40.06,1594400
6,20091113,42,42.25,41.9,40.4,4293700
6,20091116,42.2,42.4,42.1,40.35,1246500
6,20091117,42.35,42.35,41.6,40.06,3380400
6,20091118,42.15,42.15,41.7,39.96,2281700
6,20091119,41.95,41.95,41.7,40.06,1210200
6,20091120,41.9,42.2,41.9,40.35,2179900
6,20091123,42,42.3,41.85,40.35,1273900
6,20091124,42.4,42.4,41.8,40.01,1921700
6,20091125,41.85,42.35,41.8,40.11,2967600
6,20091126,41.85,42.2,41.8,40.11,1666000
6,20091127,42.1,42.15,41.5,39.87,3277200
6,20091130,41.9,42.2,41.85,40.3,3535700
6,20091201,41.9,42.1,41.85,40.3,2032800
6,20091202,42.2,42.2,41.85,40.25,2749000
6,20091203,42.3,42.3,41.95,40.4,3017800
6,20091204,42.35,42.35,42,40.4,1680800
6,20091207,42.3,42.3,41.85,40.2,1485200
6,20091208,42.2,42.25,42,40.3,1652100
6,20091209,42.2,42.25,41.85,40.06,1748300
6,20091210,42.25,42.25,41.85,40.35,2362600
6,20091211,42.3,42.4,42,40.54,2587500
6,20091214,42.4,42.4,41.9,40.44,2468100
6,20091215,42.45,42.45,41.95,40.25,1639800
6,20091216,41.85,42.3,41.85,40.25,1607800
6,20091217,42.3,42.3,41.7,40.16,2729800
6,20091218,42.25,42.25,41.65,40.4,4329800
6,20091221,42,42.25,41.75,39.96,2458800
6,20091222,42.15,42.15,41.75,40.2,1678900
6,20091223,42.1,42.25,41.85,40.35,1546200
6,20091224,42.05,42.3,42,40.35,519300
6,20091228,42.3,42.3,42.05,40.35,386800
6,20091229,42.2,42.25,41.9,40.2,1660300
6,20091230,42.1,42.35,42,40.44,986300
6,20091231,42.25,42.35,42.15,40.35,1156500
6,20100104,42.25,42.6,42.2,40.59,1507800
6,20100105,43,43,42.55,41.02,2623800
6,20100106,43.2,43.2,42.6,40.83,2465900
6,20100107,42.95,42.95,42.3,40.97,2762300
6,20100108,43,43,42.8,41.02,2923200
6,20100111,43.1,43.25,43,41.26,2360000
6,20100112,43.75,43.75,43.1,41.3,2800600
6,20100113,43.6,43.6,43,41.4,2103200
6,20100114,42.8,43.5,42.8,41.35,1267200
6,20100115,43.15,43.15,43,41.26,2013100
6,20100118,42.85,43,42.7,40.87,988800
6,20100119,42.85,43,42.7,41.07,2696800
6,20100120,43.05,43.05,42.3,40.59,3821800
6,20100121,42.85,43.1,42.6,41.02,2681400
6,20100122,42.85,42.95,42.35,41.07,3883300
6,20100125,43.2,43.6,42.9,41.54,6284500
6,20100126,43.65,43.65,43.3,41.69,4068500
6,20100127,43.65,43.65,43.05,41.3,2588000
6,20100128,43.45,43.5,42.75,41.26,3255700
6,20100129,43,43.6,43,41.59,3804000
6,20100201,43.75,43.75,42.75,41.3,4992400
6,20100202,42.9,43.2,42.75,41.21,1542200
6,20100203,42.9,43.2,42.75,41.11,1632300
6,20100204,42.9,43.1,42.75,41.07,2161000
6,20100205,43.1,43.2,42.75,41.26,5077100
6,20100208,43.5,43.55,43.2,41.64,5181200
6,20100209,43.6,43.7,43.55,41.78,8098000
6,20100210,43.75,43.75,43.3,41.78,5299600
6,20100211,43.7,43.85,43.35,41.83,2660800
6,20100212,43.7,43.75,43.35,41.64,1400200
6,20100217,43.9,43.9,43.15,41.54,2549900
6,20100218,43.2,43.35,43.1,41.5,1623500
6,20100219,43.45,43.5,43.05,41.45,933500
6,20100222,43.55,43.65,43.25,41.59,1193000
6,20100223,43.6,43.7,43.2,41.83,2936300
6,20100224,43.2,43.75,43.2,41.83,1613200
6,20100225,43.8,43.8,43.1,41.54,1891200
6,20100226,43.5,43.75,43.4,41.69,2533100
6,20100301,43.85,44.65,43.8,42.45,5527100
6,20100302,45,45.4,44.6,43.17,8342300
6,20100303,44.8,45,43.8,42.07,5354600
6,20100304,44.75,44.85,44.35,42.6,4701200
6,20100305,44.8,45,44.6,43.03,3082200
6,20100308,45.3,45.3,45,43.22,3065300
6,20100309,45.2,45.45,45,43.46,2286600
6,20100310,45.8,45.85,45.45,43.79,2179400
6,20100311,45.9,45.9,45,43.36,1817700
6,20100312,45.4,45.55,45.1,43.31,1320300
6,20100315,45.35,45.75,45,43.46,1592100
6,20100316,45.75,45.75,45.45,43.51,2945000
6,20100317,45.8,45.85,45.45,43.89,2406900
6,20100318,45.95,45.95,45.1,43.17,2328300
6,20100319,45.3,45.85,45.3,43.55,1946800
6,20100322,45.2,45.45,45,43.22,1627900
6,20100323,45.65,45.75,45.1,43.46,1927100
6,20100324,45.9,45.9,45.45,43.55,1014800
6,20100325,45.5,45.6,45.1,43.31,1907700
6,20100326,45.65,46,45.15,43.89,2269900
6,20100329,45.8,46.2,45.7,44.22,1906200
6,20100330,46,46,45.35,43.84,4463300
6,20100331,45.85,46.25,45.85,44.03,3202500
6,20100401,46.05,46.5,45.9,44.51,4428300
6,20100407,45.8,46.4,45.8,44.18,3800200
6,20100408,45.95,46,45.7,43.89,2989000
6,20100409,46.1,46.5,45.8,44.27,2560700
6,20100412,46.35,46.6,45.9,44.18,2491400
6,20100413,46.7,46.9,46.4,44.75,3679800
6,20100414,46.9,46.9,46,44.22,3568300
6,20100415,46.8,46.85,46.3,44.42,3152600
6,20100416,46.45,46.7,46.4,44.61,1721400
6,20100419,46.55,47,46.45,44.99,3255800
6,20100420,47.25,47.25,46.65,44.65,2760700
6,20100421,47.25,47.25,46.65,45.18,2761400
6,20100422,47.5,48.35,47.2,46.09,5379600
6,20100423,48.6,48.95,48.3,46.52,8215300
6,20100426,49,49.6,48.65,47.43,7338100
6,20100427,48,48,46.6,46.38,7726100
6,20100428,47.05,47.05,46.3,45.89,6390400
6,20100429,46.2,46.5,45.8,45.45,3813900
6,20100430,45.75,46.8,45.35,45.4,4578600
6,20100503,45.45,46.15,45.45,45.5,2113000
6,20100504,46.3,46.3,45.05,44.76,2180000
6,20100505,45.45,46,45,45.3,2960200
6,20100506,45.65,45.95,45.05,45,3740300
6,20100507,45.85,45.85,45.05,44.66,4661600
6,20100510,45.25,45.3,44.6,44.11,4045600
6,20100511,44.5,45.1,44.45,44.16,3381600
6,20100512,44.75,45.15,44.65,44.31,2660500
6,20100513,45.45,45.45,44.75,44.41,2765800
6,20100514,44.65,45.4,44.65,44.46,2184900
6,20100517,45.2,46.2,44.95,45.4,4113800
6,20100518,46.2,47.55,45.95,46.73,5490000
6,20100519,47.2,48.2,47,47.37,6749600
6,20100520,48.5,48.65,47.9,47.96,5992800
6,20100524,48,48,47,47.27,3918000
6,20100525,47.1,47.9,47,47.08,4056300
6,20100526,47.95,47.95,46.7,46.34,3445000
6,20100527,46.7,47.2,46.25,45.94,3973200
6,20100528,46.4,46.5,45.95,45.5,2426500
6,20100531,46.3,46.6,46.1,45.74,1869500
6,20100601,46.25,46.55,45.75,45.89,2434700
6,20100602,47,47,46.05,45.55,2693600
6,20100603,46.4,46.4,46,45.4,1715700
6,20100604,46.6,46.6,45.65,45.4,2349600
6,20100607,45.5,46.2,45.5,45.2,2400200
6,20100608,46.25,46.25,45.65,45.3,2459400
6,20100609,46,46.6,45.75,45.3,7339300
6,20100610,46.15,46.2,45.8,45.55,2927200
6,20100611,45.85,46.5,45.85,45.6,3836400
6,20100614,46.3,46.5,46.2,45.79,3075600
6,20100615,46.1,46.35,46.05,45.45,3380100
6,20100617,46.25,46.55,45.9,45.35,3398900
6,20100618,46.2,46.4,46,45.74,2009900
6,20100621,46.05,46.4,45.9,45.3,4916400
6,20100622,45.8,46.1,45.75,45.15,3761900
6,20100623,46,46.15,45.9,45.4,3367400
6,20100624,45.8,46.3,45.8,45.4,3151200
6,20100625,46,46.45,45.95,45.74,3345900
6,20100628,46.2,46.55,46.15,45.6,1725000
6,20100629,46.45,46.45,46.05,45.45,2537400
6,20100630,46,46.5,45.95,45.84,5664400
6,20100702,46.5,46.5,45.9,45.4,3936300
6,20100705,46,46.05,45.8,45.35,1667500
6,20100706,46,46.5,45.9,45.79,1922600
6,20100707,46.05,46.15,45.85,45.4,2519700
6,20100708,45.85,46.05,45.85,45.35,2078600
6,20100709,45.9,46.4,45.85,45.6,1414800
6,20100712,46.25,46.65,46.2,45.99,1004200
6,20100713,46.25,46.6,46.25,45.84,557500
6,20100714,46.3,46.5,46.2,45.69,1416900
6,20100715,46.15,46.55,46,45.55,2285600
6,20100716,46.05,46.5,46.05,45.89,1091100
6,20100719,46.1,46.4,46.1,45.5,675300
6,20100720,46.2,46.6,46.15,45.89,986800
6,20100721,46.25,46.55,46,45.5,2270300
6,20100722,46.35,46.95,46.2,46.34,1742000
6,20100723,46.7,47,46.45,46.04,1497200
6,20100726,46.8,46.8,46.45,46.04,1778600
6,20100727,46.55,46.75,46.25,45.69,2610100
6,20100728,46.2,46.75,46.2,46.14,1684000
6,20100729,46.4,46.8,46.4,46.14,1139300
6,20100730,46.85,47.5,46.85,46.48,1645200
6,20100802,47.2,47.8,47.2,46.78,3513400
6,20100803,47.3,47.4,46.9,46.53,3782900
6,20100804,47.1,48,47.1,46.98,2882200
6,20100805,47.75,47.75,46.9,46.38,3777500
6,20100806,46.95,47.2,46.8,46.43,3237200
6,20100809,47,47.35,46.9,46.73,1273800
6,20100810,47.1,47.55,47.05,46.63,1778000
6,20100811,47.3,47.65,47.15,46.83,1996500
6,20100812,47.5,47.5,47.05,46.68,3245000
6,20100813,47.5,47.5,46.85,46.38,3079600
6,20100816,46.8,47.45,46.8,46.53,2369600
6,20100817,47.3,47.8,47.25,46.93,2013100
6,20100818,47.85,47.85,47.35,46.73,2058200
6,20100819,47.65,47.65,47.3,46.73,2005800
6,20100820,47.2,47.45,47.05,46.83,2191200
6,20100823,47.45,47.9,47.45,47.22,1142100
6,20100824,47.45,47.75,47.35,46.78,1706900
6,20100825,47.25,47.6,47.25,46.73,1567600
6,20100826,47.1,47.1,46.55,46.6,1591900
6,20100827,46.85,47.4,46.8,46.9,3387100
6,20100830,47,47.4,46.9,47.25,1582000
6,20100831,47,47.35,46.9,47.35,2432100
6,20100901,47.45,47.5,47,47.4,4211300
6,20100902,47.8,47.8,47.2,47.2,3187600
6,20100903,47.05,47.45,47.05,47.3,1517800
6,20100906,47.3,47.8,47.1,47.8,3348200
6,20100907,48,48.35,47.65,48.35,3440400
6,20100908,47.6,48.2,47.6,47.75,1796500
6,20100909,48,48.05,47.6,47.75,2135600
6,20100910,47.6,48,47.5,47.95,1286500
6,20100913,47.7,48.5,47.7,48.5,2431000
6,20100914,48.1,48.45,47.7,47.7,3321500
6,20100915,47.7,48.25,47.7,48,3551900
6,20100916,48,48.2,47.8,47.8,2190600
6,20100917,47.8,48.25,47.8,48.2,2380000
6,20100920,48,48.15,47.7,48,2295000
6,20100921,47.7,47.9,47.3,47.4,5109200
6,20100922,47.5,47.95,47.45,47.75,2810200
6,20100924,47.45,47.9,47.4,47.65,3798400
6,20100927,47.5,47.9,47.45,47.5,2548300
6,20100928,47.4,47.7,47.05,47.1,4219100
6,20100929,47.15,47.5,47.05,47.35,2921800
6,20100930,46.9,47.4,46.9,47.1,5651000
6,20101004,47,47.4,47,47,3714600
6,20101005,46.95,47.25,46.95,47.05,2804800
6,20101006,47.1,47.4,47,47.25,2738100
6,20101007,47.35,47.7,47.25,47.7,4091400
6,20101008,47.65,48.2,47.65,48.15,3685200
6,20101011,47.95,48.3,47.95,48.2,3647600
6,20101012,48.2,48.4,48.1,48.25,2346200
6,20101013,48.5,49.3,48.3,49.2,4531800
6,20101014,49.6,49.95,49.05,49.1,5101700
6,20101015,49.2,49.3,48.55,48.75,2939600
6,20101018,48.75,48.85,48.35,48.8,2812600
6,20101019,48.9,49.45,48.8,49.3,2104100
6,20101020,49.9,49.9,48.95,49.9,3981400
6,20101021,49.5,49.85,49.35,49.8,1770900
6,20101022,49.4,49.75,49.2,49.55,1601800
6,20101025,49.65,50.8,49.65,50.65,3421000
6,20101026,50.95,50.95,49.7,50,2840400
6,20101027,49.45,50,48.8,48.95,3249900
6,20101028,48.8,49.55,48.7,48.9,1659700
6,20101029,48.5,49.35,48.5,49.05,3146600
6,20101101,49.55,50.3,49.35,50.2,2972200
6,20101102,49.7,50,49.4,49.95,1861300
6,20101103,50.1,50.9,49.65,50.75,3645300
6,20101104,50.9,51,50,50.65,3543000
6,20101105,50.3,50.75,50.1,50.5,4642400
6,20101108,50.7,50.8,50.45,50.8,2335300
6,20101109,50.8,50.95,50.4,50.85,2195500
6,20101110,50.95,51.85,50.2,50.85,4702800
6,20101111,50.8,52.15,50.8,51.5,5584100
6,20101112,51.35,51.8,51.05,51.8,2363100
6,20101115,52,52,50.8,50.8,4301300
6,20101116,50.9,50.9,49.85,50.2,3858100
6,20101117,50,50.5,49.85,49.95,3028500
6,20101118,50,50.4,49.75,50,2587100
6,20101119,49.9,50.2,49.85,49.9,2763300
6,20101122,50.45,50.75,50,50.05,2878900
6,20101123,50.35,50.35,49.6,49.75,1830200
6,20101124,50.2,50.3,49.75,49.8,1887500
6,20101125,50.6,50.6,49.75,49.85,2307500
6,20101126,50.2,50.2,49.6,49.65,1561900
6,20101129,49.8,50.25,49.8,50.1,3142800
6,20101130,50,50.1,49.7,49.8,3396200
6,20101201,49.8,50.15,49.7,49.85,1903400
6,20101202,49.75,50.2,49.75,50,3498100
6,20101203,50,50.35,49.75,49.75,3368500
6,20101206,49.95,50.25,49.7,50.05,4489700
6,20101207,49.9,50.3,49.8,49.95,3580900
6,20101208,49.8,50.65,49.5,49.55,4611600
6,20101209,49.7,50,49.5,49.9,2455800
6,20101210,50,50.25,49.65,50.1,1743400
