MaCK,Ngay,GiaMoCua,GiaCaoNhat,GiaThapNhat,GiaDongCua,KhoiLuongGD,GiaTran,GiaSan,GiaThamChieu,TangGiam,%,GDThoaThuan,NNMua,NNBan
TRI,10/4/2004,21.5,21.5,21.4,21.4,5010,22.47,20.33,21.3,0.1,0.47,0,0,0
TRI,10/5/2004,21.4,21.4,21.3,21.3,1000,22.37,20.24,21.4,-0.1,-0.47,0,0,0
TRI,10/6/2004,21.3,21.4,21.3,21.4,300,22.47,20.33,21.3,0.1,0.47,0,0,0
TRI,10/7/2004,21.4,21.4,21.4,21.4,90,22.47,20.33,21.4,0,0,0,0,0
TRI,10/8/2004,21.4,21.4,21.4,21.4,100,22.47,20.33,21.4,0,0,0,0,0
TRI,10/11/2004,20.9,21.2,20.9,21.2,4690,22.26,20.14,21.4,-0.2,-0.93,0,0,0
TRI,10/12/2004,21.2,21.2,21.2,21.2,190,22.26,20.14,21.2,0,0,0,0,0
TRI,10/13/2004,21.2,21.2,20.9,20.9,2200,21.95,19.86,21.2,-0.3,-1.42,0,0,0
TRI,10/14/2004,21,21,21,21,870,22.05,19.95,20.9,0.1,0.48,0,0,0
TRI,10/15/2004,21,21,21,21,370,22.05,19.95,21,0,0,0,0,0
TRI,10/18/2004,21,21.3,21,21.3,350,22.37,20.24,21,0.3,1.43,0,0,0
TRI,10/19/2004,21.3,21.3,21.3,21.3,1810,22.37,20.24,21.3,0,0,0,0,0
TRI,10/20/2004,21.4,21.4,21.3,21.3,2460,22.37,20.24,21.3,0,0,0,0,0
TRI,10/21/2004,21.3,21.3,21.3,21.3,6500,22.37,20.24,21.3,0,0,0,0,0
TRI,10/22/2004,21.3,21.3,21.3,21.3,1230,22.37,20.24,21.3,0,0,0,0,0
TRI,10/25/2004,21.2,21.2,21.2,21.2,8250,22.26,20.14,21.3,-0.1,-0.47,0,0,0
TRI,10/26/2004,21,21.1,21,21.1,3670,22.16,20.05,21.2,-0.1,-0.47,0,0,0
TRI,10/27/2004,21.1,21.1,20.9,20.9,720,21.95,19.86,21.1,-0.2,-0.95,0,0,0
TRI,10/28/2004,20.9,21,20.9,21,1340,22.05,19.95,20.9,0.1,0.48,0,0,0
TRI,10/29/2004,21,21,21,21,3010,22.05,19.95,21,0,0,0,0,0
TRI,11/1/2004,21,21,21,21,2300,22.05,19.95,21,0,0,0,0,0
TRI,11/2/2004,21,21,21,21,3200,22.05,19.95,21,0,0,0,0,0
TRI,11/3/2004,21,21,21,21,1010,22.05,19.95,21,0,0,0,0,0
TRI,11/4/2004,20.8,20.9,20.8,20.9,360,21.95,19.86,21,-0.1,-0.48,0,0,0
TRI,11/5/2004,20.9,20.9,20.9,20.9,200,21.95,19.86,20.9,0,0,0,0,0
TRI,11/8/2004,21,21,20.9,20.9,400,21.95,19.86,20.9,0,0,0,0,0
TRI,11/9/2004,20.9,20.9,20.9,20.9,940,21.95,19.86,20.9,0,0,0,0,0
TRI,11/10/2004,20.9,20.9,20.7,20.7,500,21.74,19.67,20.9,-0.2,-0.96,0,0,0
TRI,11/11/2004,20.7,20.7,20.5,20.5,5070,21.53,19.48,20.7,-0.2,-0.97,0,0,0
TRI,11/12/2004,20,20.3,20,20.3,6500,21.32,19.29,20.5,-0.2,-0.98,0,0,0
TRI,11/15/2004,20.1,20.2,20.1,20.2,7460,21.21,19.19,20.3,-0.1,-0.49,0,0,0
TRI,11/16/2004,20.1,20.1,20.1,20.1,210,21.11,19.1,20.2,-0.1,-0.5,0,0,0
TRI,11/17/2004,20.1,20.1,20,20,1750,21,19,20.1,-0.1,-0.5,0,0,0
TRI,11/18/2004,20,20.1,20,20.1,8290,21.11,19.1,20,0.1,0.5,0,0,0
TRI,11/19/2004,20.4,20.4,20.4,20.4,4190,21.42,19.38,20.1,0.3,1.49,0,0,0
TRI,11/22/2004,20.4,20.4,20.2,20.2,550,21.21,19.19,20.4,-0.2,-0.98,0,0,0
TRI,11/23/2004,20.3,20.3,20,20,2730,21,19,20.2,-0.2,-0.99,0,0,0
TRI,11/24/2004,20,20,20,20,0,21,19,20,0,0,0,0,0
TRI,11/25/2004,20,20,20,20,1600,21,19,20,0,0,0,0,0
TRI,11/26/2004,20.3,20.3,20.1,20.1,2130,21.11,19.1,20,0.1,0.5,0,0,0
TRI,11/29/2004,20.1,20.2,20.1,20.2,520,21.21,19.19,20.1,0.1,0.5,0,0,0
TRI,11/30/2004,20.3,20.3,20.3,20.3,1380,21.32,19.29,20.2,0.1,0.5,0,0,0
TRI,12/1/2004,20.5,20.5,20.3,20.3,3970,21.32,19.29,20.3,0,0,0,0,0
TRI,12/2/2004,20.5,20.5,20.3,20.3,1680,21.32,19.29,20.3,0,0,0,0,0
TRI,12/3/2004,20,20.3,20,20.3,4600,21.32,19.29,20.3,0,0,0,0,0
TRI,12/6/2004,20.3,20.3,20.3,20.3,270,21.32,19.29,20.3,0,0,0,0,0
TRI,12/7/2004,20.3,20.3,20.1,20.1,3770,21.11,19.1,20.3,-0.2,-0.99,0,0,0
TRI,12/8/2004,20.1,20.1,20,20,2000,21,19,20.1,-0.1,-0.5,0,0,0
TRI,12/9/2004,20.5,20.5,20,20,2420,21,19,20,0,0,0,0,0
TRI,12/10/2004,20,20.3,20,20.3,10,21.32,19.29,20,0.3,1.5,0,0,0
TRI,12/13/2004,20.3,20.3,20.3,20.3,10,21.32,19.29,20.3,0,0,0,0,0
TRI,12/14/2004,20.1,20.1,20.1,20.1,2390,21.11,19.1,20.3,-0.2,-0.99,0,0,0
TRI,12/15/2004,20.1,20.5,20.1,20.5,380,21.53,19.48,20.1,0.4,1.99,0,0,0
TRI,12/16/2004,20.5,20.5,20.5,20.5,1590,21.53,19.48,20.5,0,0,0,0,0
TRI,12/17/2004,20.5,20.5,20.5,20.5,320,21.53,19.48,20.5,0,0,0,0,0
TRI,12/20/2004,20.5,20.5,20.5,20.5,4500,21.53,19.48,20.5,0,0,0,0,0
TRI,12/21/2004,20.5,20.6,20.5,20.6,2960,21.63,19.57,20.5,0.1,0.49,0,0,0
TRI,12/22/2004,20.6,20.6,20.6,20.6,1610,21.63,19.57,20.6,0,0,0,0,0
TRI,12/23/2004,20.6,20.6,20.5,20.5,670,21.53,19.48,20.6,-0.1,-0.49,0,0,0
TRI,12/24/2004,20.6,20.6,20.6,20.6,5310,21.63,19.57,20.5,0.1,0.49,0,0,0
TRI,12/27/2004,20.6,20.8,20.6,20.8,5480,21.84,19.76,20.6,0.2,0.97,0,0,0
TRI,12/28/2004,20.7,20.7,20.7,20.7,3320,21.74,19.67,20.8,-0.1,-0.48,0,0,0
TRI,12/29/2004,20.9,20.9,20.7,20.7,1530,21.74,19.67,20.7,0,0,0,0,0
TRI,12/30/2004,20.7,20.7,20.5,20.5,4360,21.53,19.48,20.7,-0.2,-0.97,0,0,0
TRI,12/31/2004,20.5,20.5,20.5,20.5,7330,21.53,19.48,20.5,0,0,0,0,0
TRI,1/4/2005,20.5,20.5,20.5,20.5,330,21.5,19.5,20.5,0,0,0,0,0
TRI,1/5/2005,20.5,20.6,20.5,20.6,2250,21.5,19.5,20.5,0.1,0.49,0,0,0
TRI,1/6/2005,20.9,20.9,20.8,20.8,11140,21.6,19.6,20.6,0.2,0.97,0,0,0
TRI,1/7/2005,21,21,21,21,18610,21.8,19.8,20.8,0.2,0.96,0,0,0
TRI,1/10/2005,20.8,20.8,20.8,20.8,5030,22,20,21,-0.2,-0.95,0,0,0
TRI,1/11/2005,20.8,20.9,20.8,20.9,4500,21.8,19.8,20.8,0.1,0.48,0,0,0
TRI,1/12/2005,21,21,20.8,20.8,6320,21.9,19.9,20.9,-0.1,-0.48,0,0,0
TRI,1/13/2005,20.8,20.8,20.8,20.8,7820,21.8,19.8,20.8,0,0,0,0,0
TRI,1/14/2005,20.8,20.9,20.8,20.9,5150,21.8,19.8,20.8,0.1,0.48,0,0,0
TRI,1/17/2005,21,21,21,21,5200,21.9,19.9,20.9,0.1,0.48,0,0,0
TRI,1/18/2005,20.3,20.3,20.2,20.2,7300,21.1,19.1,21,-0.8,-3.81,0,0,0
TRI,1/19/2005,20.1,20.1,20.1,20.1,3500,21.2,19.2,20.2,-0.1,-0.5,0,0,0
TRI,1/20/2005,20.1,20.1,20,20,10790,21.1,19.1,20.1,-0.1,-0.5,0,0,0
TRI,1/21/2005,20,20,20,20,5320,21,19,20,0,0,0,0,0
TRI,1/24/2005,20,20,20,20,3050,49.8,45.2,20,0,0,0,0,0
TRI,1/25/2005,20,20,19.8,19.8,2000,21,19,20,-0.2,-1,0,0,0
TRI,1/26/2005,19.8,19.8,19.8,19.8,2550,20.7,18.9,19.8,0,0,0,0,0
TRI,1/27/2005,19.8,19.8,19.8,19.8,2050,20.7,18.9,19.8,0,0,0,0,0
TRI,1/28/2005,19.8,19.8,19.8,19.8,560,20.7,18.9,19.8,0,0,0,0,0
TRI,1/31/2005,19.8,19.8,19.8,19.8,50,19.9,18.1,19.8,0,0,0,0,0
TRI,2/1/2005,19.6,19.6,19.6,19.6,8370,20.7,18.9,19.8,-0.2,-1.01,0,0,0
TRI,2/2/2005,19.6,19.6,19.6,19.6,0,20.5,18.7,19.6,0,0,0,0,0
TRI,2/3/2005,19.8,19.8,19.8,19.8,450,20.5,18.7,19.6,0.2,1.02,0,0,0
TRI,2/4/2005,19.8,19.8,19.8,19.8,3000,20.7,18.9,19.8,0,0,0,0,0
TRI,2/14/2005,19.8,19.8,19.8,19.8,0,20.7,18.9,19.8,0,0,0,0,0
TRI,2/15/2005,20,20,20,20,700,20.7,18.9,19.8,0.2,1.01,0,0,0
TRI,2/16/2005,20,20,20,20,0,21,19,20,0,0,0,0,0
TRI,2/17/2005,20,20,20,20,850,21,19,20,0,0,0,0,0
TRI,2/18/2005,20,20,20,20,0,21,19,20,0,0,0,0,0
TRI,2/21/2005,20,20,19.6,19.6,3600,21,19,20,-0.4,-2,0,0,0
TRI,2/22/2005,19.6,19.6,19.6,19.6,10,20.5,18.7,19.6,0,0,0,0,0
TRI,2/23/2005,19.6,20,19.6,20,10,20.5,18.7,19.6,0.4,2.04,0,0,0
TRI,2/24/2005,20,20,19.9,19.9,350,49.8,45.2,20,-0.1,-0.5,0,0,0
TRI,2/25/2005,19.9,19.9,19.9,19.9,1110,20.8,19,19.9,0,0,0,0,0
TRI,2/28/2005,19.9,19.9,19.9,19.9,0,20.8,19,19.9,0,0,0,0,0
TRI,3/1/2005,19.9,19.9,19.8,19.8,100,20.8,19,19.9,-0.1,-0.5,0,0,0
TRI,3/2/2005,19.8,19.8,19.8,19.8,1300,20.7,18.9,19.8,0,0,0,0,0
TRI,3/3/2005,19.8,19.8,19.7,19.7,420,20.7,18.9,19.8,-0.1,-0.51,0,0,0
TRI,3/4/2005,19.7,19.7,19.7,19.7,15580,20.6,18.8,19.7,0,0,0,0,0
TRI,3/7/2005,19.8,19.8,19.8,19.8,780,20.6,18.8,19.7,0.1,0.51,0,0,0
TRI,3/8/2005,19.7,19.7,19.7,19.7,6260,20.7,18.9,19.8,-0.1,-0.51,0,0,0
TRI,3/9/2005,19.7,19.7,19.7,19.7,7410,20.6,18.8,19.7,0,0,0,0,0
TRI,3/10/2005,19.7,19.9,19.7,19.9,3500,20.6,18.8,19.7,0.2,1.02,0,0,0
TRI,3/11/2005,19.8,19.8,19.7,19.7,2700,20.8,19,19.9,-0.2,-1.01,0,0,0
TRI,3/14/2005,19.7,19.7,19.7,19.7,2000,20.6,18.8,19.7,0,0,0,0,0
TRI,3/15/2005,19.7,19.7,19.7,19.7,2130,20.6,18.8,19.7,0,0,0,0,0
TRI,3/16/2005,19.7,19.7,19.7,19.7,3100,20.6,18.8,19.7,0,0,0,0,0
TRI,3/17/2005,19.7,19.7,19.7,19.7,3500,20.6,18.8,19.7,0,0,0,0,0
TRI,3/18/2005,19.7,19.7,19.6,19.6,710,20.6,18.8,19.7,-0.1,-0.51,0,0,0
TRI,3/21/2005,19.6,19.6,19.6,19.6,5390,20.5,18.7,19.6,0,0,0,0,0
TRI,3/22/2005,19.7,19.7,19.7,19.7,4100,20.5,18.7,19.6,0.1,0.51,0,0,0
TRI,3/23/2005,20,20.5,20,20.5,11400,20.6,18.8,19.7,0.8,4.06,0,0,0
TRI,3/24/2005,21,21,20.5,20.5,16120,21.5,19.5,20.5,0,0,0,0,0
TRI,3/25/2005,20.7,20.7,20.4,20.4,12500,21.5,19.5,20.5,-0.1,-0.49,0,0,0
TRI,3/28/2005,20.2,20.2,20.1,20.1,3750,21.4,19.4,20.4,-0.3,-1.47,0,0,0
TRI,3/29/2005,19.7,19.7,19.7,19.7,8200,19.9,18.1,20.1,-0.4,-1.99,0,0,0
TRI,3/30/2005,19.7,19.9,19.7,19.9,2250,19.9,18.1,19.7,0.2,1.02,0,0,0
TRI,3/31/2005,19.8,19.8,19.8,19.8,1470,19.9,18.1,19.9,-0.1,-0.5,0,0,0
TRI,4/1/2005,19.8,19.8,19.8,19.8,3810,20.7,18.9,19.8,0,0,0,0,0
TRI,4/4/2005,19.8,19.8,19.8,19.8,4000,20.7,18.9,19.8,0,0,0,0,0
TRI,4/5/2005,19.8,19.9,19.8,19.9,1220,20.7,18.9,19.8,0.1,0.51,0,0,0
TRI,4/6/2005,19.7,19.7,19.7,19.7,7810,20.8,19,19.9,-0.2,-1.01,0,0,0
TRI,4/7/2005,19.7,19.7,19.7,19.7,9560,20.6,18.8,19.7,0,0,0,0,0
TRI,4/8/2005,19.7,19.7,19.7,19.7,3450,20.6,18.8,19.7,0,0,0,0,0
TRI,4/11/2005,19.7,19.7,19.7,19.7,110,20.6,18.8,19.7,0,0,0,0,0
TRI,4/12/2005,19.7,19.8,19.7,19.8,1450,20.6,18.8,19.7,0.1,0.51,0,0,0
TRI,4/13/2005,19.7,19.7,19.7,19.7,270,20.7,18.9,19.8,-0.1,-0.51,0,0,0
TRI,4/14/2005,19.7,19.7,19.7,19.7,2020,20.6,18.8,19.7,0,0,0,0,0
TRI,4/15/2005,19.7,19.7,19.7,19.7,6600,20.6,18.8,19.7,0,0,0,0,0
TRI,4/18/2005,19.8,19.8,19.6,19.6,1300,20.6,18.8,19.7,-0.1,-0.51,0,0,0
TRI,4/19/2005,19.3,19.5,19.3,19.5,3980,20.5,18.7,19.6,-0.1,-0.51,0,0,0
TRI,4/20/2005,19.7,19.7,19.7,19.7,3700,20.4,18.6,19.5,0.2,1.03,0,0,0
TRI,4/21/2005,19.5,19.5,19.5,19.5,9270,20.6,18.8,19.7,-0.2,-1.02,0,0,0
TRI,4/22/2005,19.3,19.3,19.2,19.2,9480,20.4,18.6,19.5,-0.3,-1.54,0,0,0
TRI,4/25/2005,19.2,19.2,19.2,19.2,8960,20.1,18.3,19.2,0,0,0,0,0
TRI,4/26/2005,19.3,19.3,19.3,19.3,310,20.1,18.3,19.2,0.1,0.52,0,0,0
TRI,4/27/2005,19,19,19,19,8350,20.2,18.4,19.3,-0.3,-1.55,0,0,0
TRI,4/28/2005,18.7,19,18.7,19,3600,19.9,18.1,19,0,0,0,0,0
TRI,4/29/2005,19,19.6,19,19.6,810,19.9,18.1,19,0.6,3.16,0,0,0
TRI,5/4/2005,19.4,19.4,19.4,19.4,450,20.5,18.7,19.6,-0.2,-1.02,0,0,0
TRI,5/5/2005,19,19.4,19,19.4,10600,20.3,18.5,19.4,0,0,0,0,0
TRI,5/6/2005,19.4,19.4,19.4,19.4,0,20.3,18.5,19.4,0,0,0,0,0
TRI,5/9/2005,19.4,19.4,19.4,19.4,280,20.3,18.5,19.4,0,0,0,0,0
TRI,5/10/2005,19.4,19.4,19.4,19.4,5000,20.3,18.5,19.4,0,0,0,0,0
TRI,5/11/2005,19.4,19.4,19.4,19.4,500,20.3,18.5,19.4,0,0,0,0,0
TRI,5/12/2005,19.5,19.5,19.4,19.4,34700,20.3,18.5,19.4,0,0,0,0,0
TRI,5/13/2005,19.4,19.4,19.4,19.4,14030,20.3,18.5,19.4,0,0,0,0,0
TRI,5/16/2005,19.4,19.6,19.4,19.6,23900,20.3,18.5,19.4,0.2,1.03,0,0,0
TRI,5/17/2005,19.6,19.6,19.5,19.5,12720,20.5,18.7,19.6,-0.1,-0.51,0,0,0
TRI,5/18/2005,19.5,19.5,19.3,19.3,1940,20.4,18.6,19.5,-0.2,-1.03,0,0,0
TRI,5/19/2005,19.3,19.5,19.3,19.5,3810,20.2,18.4,19.3,0.2,1.04,0,0,0
TRI,5/20/2005,19.5,19.6,19.5,19.6,5100,20.4,18.6,19.5,0.1,0.51,0,0,0
TRI,5/23/2005,19.6,19.8,19.6,19.8,5000,20.5,18.7,19.6,0.2,1.02,0,0,0
TRI,5/24/2005,19.7,19.8,19.7,19.8,9200,20.7,18.9,19.8,0,0,0,0,0
TRI,5/25/2005,19.9,19.9,19.9,19.9,1750,20.7,18.9,19.8,0.1,0.51,0,0,0
TRI,5/26/2005,19.9,19.9,19.8,19.8,4160,20.8,19,19.9,-0.1,-0.5,0,0,0
TRI,5/27/2005,19.6,19.8,19.6,19.8,730,20.7,18.9,19.8,0,0,0,0,0
TRI,5/30/2005,19.6,19.8,19.6,19.8,2660,19.9,18.1,19.8,0,0,0,0,0
TRI,5/31/2005,19.8,19.8,19.7,19.7,3340,19.9,18.1,19.8,-0.1,-0.51,0,0,0
TRI,6/1/2005,19.7,19.7,19.7,19.7,3700,20.6,18.8,19.7,0,0,0,0,0
TRI,6/2/2005,19.7,19.8,19.7,19.8,210,20.6,18.8,19.7,0.1,0.51,0,0,0
TRI,6/3/2005,19.8,19.8,19.8,19.8,10000,20.7,18.9,19.8,0,0,0,0,0
TRI,6/6/2005,19.8,19.8,19.8,19.8,9820,20.7,18.9,19.8,0,0,0,0,0
TRI,6/7/2005,19.8,19.8,19.8,19.8,8250,20.7,18.9,19.8,0,0,0,0,0
TRI,6/8/2005,19.8,19.8,19.8,19.8,4550,20.7,18.9,19.8,0,0,0,0,0
TRI,6/9/2005,19.8,19.9,19.8,19.9,4450,20.7,18.9,19.8,0.1,0.51,0,0,0
TRI,6/10/2005,19.7,19.9,19.7,19.9,4700,20.8,19,19.9,0,0,0,0,0
TRI,6/13/2005,20,20,20,20,10050,20.8,19,19.9,0.1,0.5,0,0,0
TRI,6/14/2005,20,20,20,20,8970,21,19,20,0,0,0,0,0
TRI,6/15/2005,20,20,20,20,2150,21,19,20,0,0,0,0,0
TRI,6/16/2005,20,20,20,20,1740,21,19,20,0,0,0,0,0
TRI,6/17/2005,20,20.2,20,20.2,11600,21,19,20,0.2,1,0,0,0
TRI,6/20/2005,20.3,20.3,20.3,20.3,580,21.2,19.2,20.2,0.1,0.5,0,0,0
TRI,6/21/2005,20.3,20.6,20.3,20.6,10370,21.3,19.3,20.3,0.3,1.48,0,0,0
TRI,6/22/2005,20.6,20.8,20.6,20.8,15780,21.6,19.6,20.6,0.2,0.97,0,0,0
TRI,6/23/2005,20.9,21,20.9,21,32140,21.8,19.8,20.8,0.2,0.96,0,0,0
TRI,6/24/2005,21,21,21,21,9430,22,20,21,0,0,0,0,0
TRI,6/27/2005,21,21.3,21,21.3,8730,22,20,21,0.3,1.43,0,0,0
TRI,6/28/2005,21.3,21.3,21.1,21.1,17400,19.9,18.1,21.3,-0.2,-0.94,0,0,0
TRI,6/29/2005,21.1,21.1,21,21,8650,19.9,18.1,21.1,-0.1,-0.47,0,0,0
TRI,6/30/2005,21,21,21,21,6700,19.9,18.1,21,0,0,0,0,0
TRI,7/1/2005,21,21.1,21,21.1,20460,22,20,21,0.1,0.48,0,0,0
TRI,7/4/2005,21.1,21.1,21.1,21.1,3600,22.1,20.1,21.1,0,0,0,0,0
TRI,7/5/2005,21.2,21.3,21.2,21.3,12850,22.1,20.1,21.1,0.2,0.95,0,0,0
TRI,7/6/2005,21.3,21.3,21.3,21.3,8500,22.3,20.3,21.3,0,0,0,0,0
TRI,7/7/2005,21.2,21.5,21.2,21.5,10110,22.3,20.3,21.3,0.2,0.94,0,0,0
TRI,7/8/2005,21.5,21.6,21.5,21.6,14000,22.5,20.5,21.5,0.1,0.47,0,0,0
TRI,7/11/2005,21.6,21.9,21.6,21.9,9500,22.6,20.6,21.6,0.3,1.39,0,0,0
TRI,7/12/2005,22.1,22.9,22.1,22.9,44700,22.9,20.9,21.9,1,4.57,0,0,0
TRI,7/13/2005,24,24,23.9,23.9,44060,24,21.8,22.9,1,4.37,0,0,0
TRI,7/14/2005,23,23.3,23,23.3,20070,25,22.8,23.9,-0.6,-2.51,0,0,0
TRI,7/15/2005,23.3,23.5,23.3,23.5,26290,24.4,22.2,23.3,0.2,0.86,0,0,0
TRI,7/18/2005,23.5,23.5,23.5,23.5,20230,24.6,22.4,23.5,0,0,0,0,0
TRI,7/19/2005,23.5,23.5,23.5,23.5,20490,24.6,22.4,23.5,0,0,0,0,0
TRI,7/20/2005,23.5,23.5,23.5,23.5,29000,24.6,22.4,23.5,0,0,0,0,0
TRI,7/21/2005,23.5,23.5,23.5,23.5,10190,24.6,22.4,23.5,0,0,0,0,0
TRI,7/22/2005,23.3,23.3,23.3,23.3,21200,24.6,22.4,23.5,-0.2,-0.85,0,0,0
TRI,7/25/2005,23.3,23.3,23.3,23.3,23000,24.4,22.2,23.3,0,0,0,0,0
TRI,7/26/2005,23.3,23.3,23.3,23.3,20950,24.4,22.2,23.3,0,0,0,0,0
TRI,7/27/2005,23.3,23.3,23.3,23.3,6700,24.4,22.2,23.3,0,0,0,0,0
TRI,7/28/2005,23.3,23.3,23.2,23.2,19160,19.9,18.1,23.3,-0.1,-0.43,0,0,0
TRI,7/29/2005,23.2,23.3,23.2,23.3,14600,19.9,18.1,23.2,0.1,0.43,0,0,0
TRI,8/1/2005,23.3,23.3,23.3,23.3,12500,24.4,22.2,23.3,0,0,0,0,0
TRI,8/2/2005,23.3,23.3,23.3,23.3,25400,24.4,22.2,23.3,0,0,0,0,0
TRI,8/3/2005,23.5,23.5,23.5,23.5,18210,24.4,22.2,23.3,0.2,0.86,0,0,0
TRI,8/4/2005,24,24,24,24,3400,24.6,22.4,23.5,0.5,2.13,0,0,0
TRI,8/5/2005,24.2,24.2,23.5,23.5,2040,25.2,22.8,24,-0.5,-2.08,0,0,0
TRI,8/8/2005,23.5,23.5,23.5,23.5,26460,24.6,22.4,23.5,0,0,0,0,0
TRI,8/9/2005,23.5,23.5,23.5,23.5,5600,24.6,22.4,23.5,0,0,0,0,0
TRI,8/10/2005,23.5,23.5,23.5,23.5,620,24.6,22.4,23.5,0,0,0,0,0
TRI,8/11/2005,23.5,23.5,23.5,23.5,0,24.6,22.4,23.5,0,0,0,0,0
TRI,8/12/2005,23.4,23.4,23.4,23.4,4000,24.6,22.4,23.5,-0.1,-0.43,0,0,0
TRI,8/15/2005,23.4,23.5,23.4,23.5,4360,24.5,22.3,23.4,0.1,0.43,0,0,0
TRI,8/16/2005,23.5,23.5,23.5,23.5,4000,24.6,22.4,23.5,0,0,0,0,0
TRI,8/17/2005,23.5,23.5,23.5,23.5,0,24.6,22.4,23.5,0,0,0,0,0
TRI,8/18/2005,23.5,23.5,23.5,23.5,5400,24.6,22.4,23.5,0,0,0,0,0
TRI,8/19/2005,23.5,23.5,23.5,23.5,3010,24.6,22.4,23.5,0,0,0,0,0
TRI,8/22/2005,23.5,23.5,23.5,23.5,21000,24.6,22.4,23.5,0,0,0,0,0
TRI,8/23/2005,23.5,23.8,23.5,23.8,3610,49.8,45.2,23.5,0.3,1.28,0,0,0
TRI,8/24/2005,23.5,23.7,23.5,23.7,4680,24.9,22.7,23.8,-0.1,-0.42,0,0,0
TRI,8/25/2005,23.7,23.7,23.7,23.7,400,24.8,22.6,23.7,0,0,0,0,0
TRI,8/26/2005,23.7,23.7,23.7,23.7,10,24.8,22.6,23.7,0,0,0,0,0
TRI,8/29/2005,24.5,24.5,23.7,23.7,600,19.9,18.1,23.7,0,0,0,0,0
TRI,8/30/2005,23.8,23.8,23.8,23.8,2260,19.9,18.1,23.7,0.1,0.42,0,0,0
TRI,8/31/2005,23.8,23.8,23.8,23.8,0,19.9,18.1,23.8,0,0,0,0,0
TRI,9/1/2005,23.8,23.8,23.4,23.4,3000,24.9,22.7,23.8,-0.4,-1.68,0,0,0
TRI,9/5/2005,23.4,23.4,23.4,23.4,1510,24.5,22.3,23.4,0,0,0,0,0
TRI,9/6/2005,23.1,23.4,23.1,23.4,3890,24.5,22.3,23.4,0,0,0,0,0
TRI,9/7/2005,23.4,23.4,23.4,23.4,11040,24.5,22.3,23.4,0,0,0,0,0
TRI,9/8/2005,23.4,23.5,23.4,23.5,1590,24.5,22.3,23.4,0.1,0.43,0,0,0
TRI,9/9/2005,23.5,23.5,23.5,23.5,29700,24.6,22.4,23.5,0,0,0,0,0
TRI,9/12/2005,23.5,23.5,23.5,23.5,16150,24.6,22.4,23.5,0,0,0,0,0
TRI,9/13/2005,23.5,23.5,23.5,23.5,1000,24.6,22.4,23.5,0,0,0,0,0
TRI,9/14/2005,23.7,23.7,23.5,23.5,2740,24.6,22.4,23.5,0,0,0,0,0
TRI,9/15/2005,23.7,24,23.7,24,7740,24.6,22.4,23.5,0.5,2.13,0,0,0
TRI,9/16/2005,24,24,24,24,4690,25.2,22.8,24,0,0,0,0,0
TRI,9/19/2005,24,25,24,25,540,25.2,22.8,24,1,4.17,0,0,0
TRI,9/20/2005,25.6,26,25.6,26,4900,26.2,23.8,25,1,4,0,0,0
TRI,9/21/2005,26,26,24.7,24.7,6430,27.3,24.7,26,-1.3,-5,0,0,0
TRI,9/22/2005,24.7,24.7,24.7,24.7,1300,24.6,22.4,24.7,0,0,0,0,0
TRI,9/23/2005,25,25,24,24,2100,49.8,45.2,24.7,-0.7,-2.83,0,0,0
TRI,9/26/2005,24.5,24.5,24.5,24.5,1100,25.2,22.8,24,0.5,2.08,0,0,0
TRI,9/27/2005,24.3,24.5,24.3,24.5,6300,25.7,23.3,24.5,0,0,0,0,0
TRI,9/28/2005,24.5,24.5,24.5,24.5,20930,19.9,18.1,24.5,0,0,0,0,0
TRI,9/29/2005,24.5,24.5,24.5,24.5,27180,19.9,18.1,24.5,0,0,0,0,0
TRI,9/30/2005,25.7,25.7,25.7,25.7,30760,19.9,18.1,24.5,1.2,4.9,0,0,0
TRI,10/3/2005,26.5,26.5,26.5,26.5,4270,26.9,24.5,25.7,0.8,3.11,0,0,0
TRI,10/4/2005,26.5,26.5,26,26,21260,27.8,25.2,26.5,-0.5,-1.89,0,0,0
TRI,10/5/2005,26,26.4,26,26.4,16690,27.3,24.7,26,0.4,1.54,0,0,0
TRI,10/6/2005,26.5,26.5,26.5,26.5,20780,27.7,25.1,26.4,0.1,0.38,0,0,0
TRI,10/7/2005,27,27,27,27,16560,27.8,25.2,26.5,0.5,1.89,0,0,0
TRI,10/10/2005,27,27.3,27,27.3,15840,28.3,25.7,27,0.3,1.11,0,0,0
TRI,10/11/2005,27.4,28.2,27.4,28.2,15260,28.6,26,27.3,0.9,3.3,0,0,0
TRI,10/12/2005,28.2,29,28.2,29,19640,29.6,26.8,28.2,0.8,2.84,0,0,0
TRI,10/13/2005,29.7,30.4,29.7,30.4,30860,30.4,27.6,29,1.4,4.83,0,0,0
TRI,10/14/2005,31.9,31.9,31.9,31.9,42760,31.9,28.9,30.4,1.5,4.93,0,0,0
TRI,10/17/2005,33.4,33.4,33.4,33.4,61340,33.4,30.4,31.9,1.5,4.7,0,0,0
TRI,10/18/2005,34.9,34.9,32.1,32.1,122660,35,31.8,33.4,-1.3,-3.89,0,0,0
TRI,10/19/2005,33,33.7,33,33.7,63860,33.7,30.5,32.1,1.6,4.98,0,0,0
TRI,10/20/2005,33.7,33.7,32.4,32.4,86710,35.3,32.1,33.7,-1.3,-3.86,0,0,0
TRI,10/21/2005,32.7,32.7,32,32,41250,34,30.8,32.4,-0.4,-1.23,0,0,0
TRI,10/24/2005,31.5,31.5,30.5,30.5,41400,33.6,30.4,32,-1.5,-4.69,0,0,0
TRI,10/25/2005,29.6,29.6,29.5,29.5,62460,32,29,30.5,-1,-3.28,0,0,0
TRI,10/26/2005,28.1,28.5,28.1,28.5,25790,30.9,28.1,29.5,-1,-3.39,0,0,0
TRI,10/27/2005,29.2,29.7,29.2,29.7,10470,29.9,27.1,28.5,1.2,4.21,0,0,0
TRI,10/28/2005,30.8,31,30.8,31,46850,19.9,18.1,29.7,1.3,4.38,0,0,0
TRI,10/31/2005,31,31,31,31,9700,19.9,18.1,31,0,0,0,0,0
TRI,11/1/2005,30.2,30.7,30.2,30.7,19090,32.5,29.5,31,-0.3,-0.97,0,0,0
TRI,11/2/2005,31.5,31.5,31,31,16720,32.2,29.2,30.7,0.3,0.98,0,0,0
TRI,11/3/2005,31.5,31.5,31.4,31.4,18230,32.5,29.5,31,0.4,1.29,0,0,0
TRI,11/4/2005,31.5,31.5,31,31,17120,32.9,29.9,31.4,-0.4,-1.27,0,0,0
TRI,11/7/2005,31.5,31.5,31.3,31.3,19010,32.5,29.5,31,0.3,0.97,0,0,0
TRI,11/8/2005,31.5,31.5,31,31,11660,32.8,29.8,31.3,-0.3,-0.96,0,0,0
TRI,11/9/2005,31,31,30.6,30.6,8580,32.5,29.5,31,-0.4,-1.29,0,0,0
TRI,11/10/2005,30.7,30.7,30.5,30.5,6630,32.1,29.1,30.6,-0.1,-0.33,0,0,0
TRI,11/11/2005,30,30,29.5,29.5,22320,32,29,30.5,-1,-3.28,0,0,0
TRI,11/14/2005,29.2,29.2,29,29,10610,30.9,28.1,29.5,-0.5,-1.69,0,0,0
TRI,11/15/2005,28.8,29,28.8,29,8680,30.4,27.6,29,0,0,0,0,0
TRI,11/16/2005,29,29.5,29,29.5,3850,30.4,27.6,29,0.5,1.72,0,0,0
TRI,11/17/2005,29.5,29.5,29.5,29.5,23020,30.9,28.1,29.5,0,0,0,0,0
TRI,11/18/2005,28.9,28.9,28.9,28.9,10240,30.9,28.1,29.5,-0.6,-2.03,0,0,0
TRI,11/21/2005,28.9,28.9,28.7,28.7,7800,30.3,27.5,28.9,-0.2,-0.69,0,0,0
TRI,11/22/2005,28.8,28.8,28.7,28.7,4870,24.6,22.4,28.7,0,0,0,0,0
TRI,11/23/2005,28.5,28.5,28.3,28.3,4490,49.8,45.2,28.7,-0.4,-1.39,0,0,0
TRI,11/24/2005,27.2,27.2,27.2,27.2,7270,29.7,26.9,28.3,-1.1,-3.89,0,0,0
TRI,11/25/2005,27.5,28.5,27.5,28.5,12990,28.5,25.9,27.2,1.3,4.78,0,0,0
TRI,11/28/2005,28.8,28.8,28.5,28.5,5680,19.9,18.1,28.5,0,0,0,0,0
TRI,11/29/2005,28.5,28.6,28.5,28.6,6130,19.9,18.1,28.5,0.1,0.35,0,0,0
TRI,11/30/2005,28.8,28.9,28.8,28.9,1200,19.9,18.1,28.6,0.3,1.05,0,0,0
TRI,12/1/2005,29,29,29,29,3350,30.3,27.5,28.9,0.1,0.35,0,0,0
TRI,12/2/2005,28.8,28.8,28.8,28.8,1560,30.4,27.6,29,-0.2,-0.69,0,0,0
TRI,12/5/2005,28.9,28.9,28.8,28.8,220,30.2,27.4,28.8,0,0,0,0,0
TRI,12/6/2005,28.8,28.8,28.3,28.3,2300,30.2,27.4,28.8,-0.5,-1.74,0,0,0
TRI,12/7/2005,28.7,28.7,28.3,28.3,1040,29.7,26.9,28.3,0,0,0,0,0
TRI,12/8/2005,28.7,28.7,28.7,28.7,740,29.7,26.9,28.3,0.4,1.41,0,0,0
TRI,12/9/2005,28.7,28.7,28.7,28.7,310,30.1,27.3,28.7,0,0,0,0,0
TRI,12/12/2005,28.7,28.7,28.4,28.4,2520,30.1,27.3,28.7,-0.3,-1.05,0,0,0
TRI,12/13/2005,28.4,28.4,28.4,28.4,5340,29.8,27,28.4,0,0,0,0,0
TRI,12/14/2005,28.4,28.4,28,28,1850,29.8,27,28.4,-0.4,-1.41,0,0,0
TRI,12/15/2005,28,28,28,28,0,29.4,26.6,28,0,0,0,0,0
TRI,12/16/2005,28,28,28,28,640,29.4,26.6,28,0,0,0,0,0
TRI,12/19/2005,28,28.4,28,28.4,14500,29.4,26.6,28,0.4,1.43,0,0,0
TRI,12/20/2005,28.4,28.8,28.4,28.8,10490,29.8,27,28.4,0.4,1.41,0,0,0
TRI,12/21/2005,27.5,28.8,27.5,28.8,1450,30.2,27.4,28.8,0,0,0,0,0
TRI,12/22/2005,28,28,28,28,2410,24.6,22.4,28.8,-0.8,-2.78,0,0,0
TRI,12/23/2005,27.6,28,27.6,28,4580,49.8,45.2,28,0,0,0,0,0
TRI,12/26/2005,27.5,28,27.5,28,9820,29.4,26.6,28,0,0,0,0,0
TRI,12/27/2005,28,28,28,28,210,29.4,26.6,28,0,0,0,0,0
TRI,12/28/2005,28.3,28.3,28,28,1040,19.9,18.1,28,0,0,0,0,0
TRI,12/29/2005,28,28,28,28,9000,19.9,18.1,28,0,0,0,0,0
TRI,12/30/2005,27.7,28,27.7,28,10760,19.9,18.1,28,0,0,0,0,0
TRI,1/3/2006,27.6,27.6,27.6,27.6,2720,29.4,26.6,28,-0.4,-1.43,0,0,0
TRI,1/4/2006,27.6,27.7,27.6,27.7,450,28.9,26.3,27.6,0.1,0.36,0,0,0
TRI,1/5/2006,27.7,27.8,27.7,27.8,7530,29,26.4,27.7,0.1,0.36,0,0,0
TRI,1/6/2006,28,28,28,28,50,29.1,26.5,27.8,0.2,0.72,0,0,0
TRI,1/9/2006,28,28,27.8,27.8,510,29.4,26.6,28,-0.2,-0.71,0,0,0
TRI,1/10/2006,27.8,27.8,27.8,27.8,11210,29.1,26.5,27.8,0,0,0,0,0
TRI,1/11/2006,27.8,27.9,27.8,27.9,1340,29.1,26.5,27.8,0.1,0.36,0,0,0
TRI,1/12/2006,27.5,27.9,27.5,27.9,210,29.2,26.6,27.9,0,0,0,0,0
TRI,1/13/2006,27.9,27.9,27.9,27.9,2120,29.2,26.6,27.9,0,0,0,0,0
TRI,1/17/2006,28,28.1,28,28.1,8680,29.2,26.6,27.9,0.2,0.72,0,0,0
TRI,1/18/2006,29.2,29.2,29.2,29.2,8170,29.5,26.7,28.1,1.1,3.91,0,0,0
TRI,1/19/2006,29.4,29.4,28.7,28.7,1500,30.6,27.8,29.2,-0.5,-1.71,0,0,0
TRI,1/20/2006,28,28,27.9,27.9,4440,28.5,25.9,27.2,0.7,2.57,0,0,0
TRI,1/23/2006,28,28,27.4,27.4,270,24.6,22.4,27.9,-0.5,-1.79,0,0,0
TRI,1/24/2006,27.4,27.4,26.6,26.6,2090,49.8,45.2,27.4,-0.8,-2.92,0,0,0
TRI,1/25/2006,26.6,26.6,26.6,26.6,1420,27.9,25.3,26.6,0,0,0,0,0
TRI,1/26/2006,26.6,26.6,26.6,26.6,2170,27.9,25.3,26.6,0,0,0,0,0
TRI,1/27/2006,26.7,26.7,26.7,26.7,4470,27.9,25.3,26.6,0.1,0.38,0,0,0
TRI,2/6/2006,27.3,27.3,26.7,26.7,1630,28,25.4,26.7,0,0,0,0,0
TRI,2/7/2006,26.7,26.9,26.7,26.9,1290,28,25.4,26.7,0.2,0.75,0,0,0
TRI,2/8/2006,26.7,27.3,26.7,27.3,6310,28.2,25.6,26.9,0.4,1.49,0,0,0
TRI,2/9/2006,27.7,27.7,27.6,27.6,2490,28.6,26,27.3,0.3,1.1,0,0,0
TRI,2/10/2006,27.8,27.8,27.6,27.6,6850,28.9,26.3,27.6,0,0,0,0,0
TRI,2/13/2006,27.6,27.6,27.6,27.6,19660,28.9,26.3,27.6,0,0,0,0,0
TRI,2/14/2006,27.6,28,27.6,28,14090,28.9,26.3,27.6,0.4,1.45,0,0,0
TRI,2/15/2006,28,28,28,28,3300,29.4,26.6,28,0,0,0,0,0
TRI,2/16/2006,27.9,27.9,27.9,27.9,22070,29.4,26.6,28,-0.1,-0.36,0,0,0
TRI,2/17/2006,27.9,28,27.9,28,6780,29.2,26.6,27.9,0.1,0.36,0,0,0
TRI,2/20/2006,28,28.7,28,28.7,17550,29.4,26.6,28,0.7,2.5,0,0,0
TRI,2/21/2006,30,30,30,30,7650,30.1,27.3,28.7,1.3,4.53,0,0,0
TRI,2/22/2006,30,30,28.5,28.5,3890,31.5,28.5,30,-1.5,-5,0,0,0
TRI,2/23/2006,28.2,28.7,28.2,28.7,24580,29.9,27.1,28.5,0.2,0.7,0,0,0
TRI,2/24/2006,28.7,29,28.7,29,8150,49.8,45.2,28.7,0.3,1.05,0,0,0
TRI,2/27/2006,29,29,29,29,7310,30.4,27.6,29,0,0,0,0,0
TRI,2/28/2006,28.5,29,28.5,29,10900,30.4,27.6,29,0,0,0,0,0
TRI,3/1/2006,30,30,29,29,16300,30.4,27.6,29,0,0,0,0,0
TRI,3/2/2006,29,30.4,29,30.4,7990,30.4,27.6,29,1.4,4.83,0,0,0
TRI,3/3/2006,30.5,30.5,30.2,30.2,4690,31.9,28.9,30.4,-0.2,-0.66,0,0,0
TRI,3/6/2006,30.2,30.5,30.2,30.5,9250,31.7,28.7,30.2,0.3,0.99,0,0,0
TRI,3/7/2006,31.5,32,31.5,32,22500,32,29,30.5,1.5,4.92,0,0,0
TRI,3/8/2006,33.6,33.6,33.6,33.6,72440,33.6,30.4,32,1.6,5,0,0,0
TRI,3/9/2006,35,35,35,35,63290,35.2,32,33.6,1.4,4.17,0,0,0
TRI,3/10/2006,36.7,36.7,36.5,36.5,88050,36.7,33.3,35,1.5,4.29,0,0,0
TRI,3/13/2006,36.5,36.5,36.5,36.5,43870,38.3,34.7,36.5,0,0,0,0,0
TRI,3/14/2006,37,37,36.5,36.5,35580,38.3,34.7,36.5,0,0,0,0,0
TRI,3/15/2006,35.5,35.5,34.7,34.7,28240,38.3,34.7,36.5,-1.8,-4.93,0,0,0
TRI,3/16/2006,34,34,34,34,36740,36.4,33,34.7,-0.7,-2.02,0,0,0
TRI,3/17/2006,34,35,34,35,31480,35.7,32.3,34,1,2.94,0,0,0
TRI,3/20/2006,36,36,36,36,25720,36.7,33.3,35,1,2.86,0,0,0
TRI,3/21/2006,36,36,36,36,41860,37.8,34.2,36,0,0,0,0,0
TRI,3/22/2006,36,36,34.2,34.2,11800,37.8,34.2,36,-1.8,-5,0,0,0
TRI,3/23/2006,33.5,33.5,33,33,32320,35.9,32.5,34.2,-1.2,-3.51,0,0,0
TRI,3/24/2006,33,33,33,33,30790,34.6,31.4,33,0,0,0,0,0
TRI,3/27/2006,33,33,33,33,15920,34.6,31.4,33,0,0,0,0,0
TRI,3/28/2006,34.4,34.5,34.4,34.5,18670,34.6,31.4,33,1.5,4.55,0,0,0
TRI,3/29/2006,36,36,35.5,35.5,24710,19.9,18.1,34.5,1,2.9,0,0,0
TRI,3/30/2006,34.5,34.8,34.5,34.8,16230,19.9,18.1,35.5,-0.7,-1.97,0,0,0
TRI,3/31/2006,35,35,35,35,26620,19.9,18.1,34.8,0.2,0.57,0,0,0
TRI,4/3/2006,34.6,35,34.6,35,24130,36.7,33.3,35,0,0,0,0,0
TRI,4/4/2006,35,35,34,34,8410,36.7,33.3,35,-1,-2.86,0,0,0
TRI,4/5/2006,32.6,34,32.6,34,18740,35.7,32.3,34,0,0,0,0,0
TRI,4/6/2006,34,34,34,34,28670,35.7,32.3,34,0,0,0,0,0
TRI,4/7/2006,34,34,34,34,12270,35.7,32.3,34,0,0,0,0,0
TRI,4/10/2006,35,35,34.5,34.5,7480,35.7,32.3,34,0.5,1.47,0,0,0
TRI,4/11/2006,34.5,34.5,34,34,13260,36.2,32.8,34.5,-0.5,-1.45,0,0,0
TRI,4/12/2006,33.5,33.5,33.5,33.5,9250,35.7,32.3,34,-0.5,-1.47,0,0,0
TRI,4/13/2006,33.5,35,33.5,35,31720,35.1,31.9,33.5,1.5,4.48,0,0,0
TRI,4/14/2006,36.5,36.7,36.5,36.7,64200,36.7,33.3,35,1.7,4.86,0,0,0
TRI,4/17/2006,38.5,38.5,38.5,38.5,24080,38.5,34.9,36.7,1.8,4.9,0,0,0
TRI,4/18/2006,40.4,40.4,40.4,40.4,94360,40.4,36.6,38.5,1.9,4.94,0,0,0
TRI,4/19/2006,42.4,42.4,42.4,42.4,79640,42.4,38.4,40.4,2,4.95,0,0,0
TRI,4/20/2006,44.5,44.5,44.5,44.5,95450,44.5,40.3,42.4,2.1,4.95,0,0,0
TRI,4/21/2006,46.7,46.7,46.7,46.7,129810,46.7,42.3,44.5,2.2,4.94,0,0,0
TRI,4/24/2006,48.5,48.5,48.5,48.5,116880,49,44.4,46.7,1.8,3.85,0,0,0
TRI,4/25/2006,50.5,50.5,50.5,50.5,83890,50.5,46.1,48.5,2,4.12,0,0,0
TRI,4/26/2006,53,53,52,52,115720,53,48,50.5,1.5,2.97,0,0,0
TRI,4/27/2006,51,51,49.4,49.4,74690,54.5,49.4,52,-2.6,-5,0,0,0
TRI,4/28/2006,47,47,47,47,17400,19.9,18.1,49.4,-2.4,-4.86,0,0,0
TRI,5/3/2006,44.7,44.7,44.7,44.7,39330,49.3,44.7,47,-2.3,-4.89,0,0,0
TRI,5/4/2006,46.9,46.9,46.9,46.9,94630,46.9,42.5,44.7,2.2,4.92,0,0,0
TRI,5/5/2006,49.2,49.2,49,49,71450,49.2,44.6,46.9,2.1,4.48,0,0,0
TRI,5/8/2006,47,47,46.6,46.6,17410,51,46.6,49,-2.4,-4.9,0,0,0
TRI,5/9/2006,44.3,44.3,44.3,44.3,3330,48.9,44.3,46.6,-2.3,-4.94,0,0,0
TRI,5/10/2006,44.3,44.3,42.1,42.1,430,46.5,42.1,44.3,-2.2,-4.97,0,0,0
TRI,5/11/2006,40,42.1,40,42.1,83310,44.2,40,42.1,0,0,0,0,0
TRI,5/12/2006,44.2,44.2,44.2,44.2,6450,44.2,40,42.1,2.1,4.99,0,0,0
TRI,5/15/2006,46.4,46.4,46.4,46.4,33860,46.4,42,44.2,2.2,4.98,0,0,0
TRI,5/16/2006,44.1,44.1,44.1,44.1,10240,48.7,44.1,46.4,-2.3,-4.96,0,0,0
TRI,5/17/2006,42.5,42.5,42.5,42.5,35620,46.3,41.9,44.1,-1.6,-3.63,0,0,0
TRI,5/18/2006,41.5,41.5,41.5,41.5,18970,44.6,40.4,42.5,-1,-2.35,0,0,0
TRI,5/19/2006,39.5,39.5,39.5,39.5,21100,43.5,39.5,41.5,-2,-4.82,0,0,0
TRI,5/22/2006,38.2,38.2,38.2,38.2,31460,41.4,37.6,39.5,-1.3,-3.29,0,0,0
TRI,5/23/2006,36.3,36.3,36.3,36.3,18630,40.1,36.3,38.2,-1.9,-4.97,0,0,0
TRI,5/24/2006,35,38.1,35,38.1,42540,38.1,34.5,36.3,1.8,4.96,0,0,0
TRI,5/25/2006,36.2,36.3,36.2,36.3,35840,40,36.2,38.1,-1.8,-4.72,0,0,0
TRI,5/26/2006,36.3,36.3,36.3,36.3,17700,38.1,34.5,36.3,0,0,0,0,0
TRI,5/29/2006,36.5,36.5,36,36,9820,19.9,18.1,36.3,-0.3,-0.83,0,0,0
TRI,5/30/2006,35,35,35,35,21000,19.9,18.1,36,-1,-2.78,0,0,0
TRI,5/31/2006,35,35,35,35,10100,19.9,18.1,35,0,0,0,0,0
TRI,6/1/2006,35,35.4,35,35.4,10900,36.7,33.3,35,0.4,1.14,0,0,0
TRI,6/2/2006,37,37,36.5,36.5,10950,37.1,33.7,35.4,1.1,3.11,0,0,0
TRI,6/5/2006,38.3,38.3,38.3,38.3,14240,38.3,34.7,36.5,1.8,4.93,0,0,0
TRI,6/6/2006,38.3,38.3,38,38,32970,40.2,36.4,38.3,-0.3,-0.78,0,0,0
TRI,6/7/2006,37,37,37,37,13270,39.9,36.1,38,-1,-2.63,0,0,0
TRI,6/8/2006,35.5,37,35.5,37,35250,38.8,35.2,37,0,0,0,0,0
TRI,6/9/2006,36.5,36.8,36.5,36.8,5330,38.8,35.2,37,-0.2,-0.54,0,0,0
TRI,6/12/2006,36.5,36.5,36.4,36.4,6340,38.6,35,36.8,-0.4,-1.09,0,0,0
TRI,6/13/2006,36,36.4,36,36.4,8870,38.2,34.6,36.4,0,0,0,0,0
TRI,6/14/2006,36.1,36.5,36.1,36.5,5190,38.2,34.6,36.4,0.1,0.27,0,0,0
TRI,6/15/2006,36.5,36.5,36.4,36.4,6760,38.3,34.7,36.5,-0.1,-0.27,0,0,0
TRI,6/16/2006,36.2,36.2,35.1,35.5,5500,38.2,34.6,36.4,-0.9,-2.47,0,0,0
TRI,6/19/2006,35.5,35.5,35.5,35.5,7550,37.2,33.8,35.5,0,0,0,0,0
TRI,6/20/2006,35,35,34.4,34.4,5180,37.2,33.8,35.5,-1.1,-3.1,0,0,0
TRI,6/21/2006,32.7,32.7,32.7,32.7,11050,36.1,32.7,34.4,-1.7,-4.94,0,0,0
TRI,6/22/2006,33,34.3,33,34.3,15300,34.3,31.1,32.7,1.6,4.89,0,0,0
TRI,6/23/2006,35.4,35.4,34.3,34.4,11160,36,32.6,34.3,0.1,0.29,0,0,0
TRI,6/26/2006,33.6,33.6,33.1,33.1,4700,36.1,32.7,34.4,-1.3,-3.78,0,0,0
TRI,6/27/2006,33,33,32,32,11450,34.7,31.5,33.1,-1.1,-3.32,0,0,0
TRI,6/28/2006,32.7,32.7,32.3,32.3,10800,19.9,18.1,32,0.3,0.94,0,0,0
TRI,6/29/2006,33,33,33,33,4300,19.9,18.1,32.3,0.7,2.17,0,0,0
TRI,6/30/2006,33,33,32.8,32.8,5090,19.9,18.1,33,-0.2,-0.61,0,0,0
TRI,7/3/2006,33,33,33,33,17830,34.4,31.2,32.8,0.2,0.61,0,15300,0
TRI,7/4/2006,33,33,32.5,32.5,1250,34.6,31.4,33,-0.5,-1.52,0,0,0
TRI,7/5/2006,31.2,31.9,31.2,31.6,5500,34.1,30.9,32.5,-0.9,-2.77,0,250,0
TRI,7/6/2006,31.6,31.6,31.5,31.6,13950,33.1,30.1,31.6,0,0,0,0,0
TRI,7/7/2006,31.8,31.8,31.6,31.6,50400,33.1,30.1,31.6,0,0,0,0,30600
TRI,7/10/2006,32,32.3,32,32.3,7740,33.1,30.1,31.6,0.7,2.22,0,0,1000
TRI,7/11/2006,32.5,32.5,32,32,4000,33.9,30.7,32.3,-0.3,-0.93,0,0,0
TRI,7/12/2006,32,32,32,32,3820,33.6,30.4,32,0,0,0,0,0
TRI,7/13/2006,32,32,31.5,31.5,5450,33.6,30.4,32,-0.5,-1.56,0,0,0
TRI,7/14/2006,31,31.3,31,31.3,5070,33,30,31.5,-0.2,-0.63,0,0,0
TRI,7/17/2006,31.8,31.8,30.8,30.8,2400,32.8,29.8,31.3,-0.5,-1.6,0,10,0
TRI,7/18/2006,30.1,30.1,29.6,29.8,8940,32.3,29.3,30.8,-1,-3.25,0,150,0
TRI,7/19/2006,29.9,29.9,28.4,28.4,7240,31.2,28.4,29.8,-1.4,-4.7,0,0,0
TRI,7/20/2006,28.9,29,28.5,29,13300,29.8,27,28.4,0.6,2.11,0,0,0
TRI,7/21/2006,29,29,29,29,9830,30.4,27.6,29,0,0,0,0,0
TRI,7/24/2006,28.5,28.5,28,28,2150,30.4,27.6,29,-1,-3.45,0,0,0
TRI,7/25/2006,28,28,26.6,26.6,13110,29.4,26.6,28,-1.4,-5,0,0,0
TRI,7/26/2006,25.3,26,25.3,26,12090,27.9,25.3,26.6,-0.6,-2.26,0,0,0
TRI,7/27/2006,26,27,26,27,8460,27.3,24.7,26,1,3.85,0,0,1500
TRI,7/28/2006,27.5,27.5,27,27,22000,19.9,18.1,27,0,0,0,0,0
TRI,7/31/2006,27,27,25.7,25.7,14100,19.9,18.1,27,-1.3,-4.81,0,0,0
TRI,8/1/2006,25,25,24.5,24.5,34050,26.9,24.5,25.7,-1.2,-4.67,0,0,0
TRI,8/2/2006,23.3,23.3,23.3,23.3,28420,25.7,23.3,24.5,-1.2,-4.9,0,0,0
TRI,8/3/2006,24.4,24.4,24.4,24.4,5770,24.4,22.2,23.3,1.1,4.72,0,0,0
TRI,8/4/2006,25.6,25.6,25.6,25.6,9270,25.6,23.2,24.4,1.2,4.92,0,0,0
TRI,8/7/2006,26.8,26.8,26,26,20940,26.8,24.4,25.6,0.4,1.56,0,11800,0
TRI,8/8/2006,25,26,25,26,4960,27.3,24.7,26,0,0,0,0,2000
TRI,8/9/2006,26,26,25.9,25.9,16710,27.3,24.7,26,-0.1,-0.38,0,0,0
TRI,8/10/2006,25.9,26,25.9,26,1510,27.1,24.7,25.9,0.1,0.39,0,0,0
TRI,8/11/2006,26,26,26,26,7700,27.3,24.7,26,0,0,0,680,0
TRI,8/14/2006,27,27.3,27,27.3,8920,27.3,24.7,26,1.3,5,0,1430,0
TRI,8/15/2006,28.6,28.6,27.3,27.3,19500,28.6,26,27.3,0,0,0,0,0
TRI,8/16/2006,27,28.2,27,28.2,7410,28.6,26,27.3,0.9,3.3,0,200,5560
TRI,8/17/2006,27.5,28.5,27.5,28.2,7800,29.6,26.8,28.2,0,0,0,0,0
TRI,8/18/2006,28.2,28.2,27.9,27.9,3170,29.6,26.8,28.2,-0.3,-1.06,0,300,0
TRI,8/21/2006,27.9,27.9,27.5,27.5,4000,29.2,26.6,27.9,-0.4,-1.43,0,0,0
TRI,8/22/2006,27.5,27.5,26.2,26.2,5250,24.6,22.4,27.5,-1.3,-4.73,0,0,50
TRI,8/23/2006,25.3,26,25.3,26,4430,49.8,45.2,26.2,-0.2,-0.76,0,100,0
TRI,8/24/2006,26.9,26.9,26.5,26.6,7960,27.3,24.7,26,0.6,2.31,0,0,0
TRI,8/25/2006,26.6,26.6,26.4,26.4,2460,27.9,25.3,26.6,-0.2,-0.75,0,0,0
TRI,8/28/2006,26.5,27,26.5,26.9,9200,19.9,18.1,26.4,0.5,1.89,0,0,0
TRI,8/29/2006,26.9,27.1,26.9,27.1,17290,19.9,18.1,26.9,0.2,0.74,0,0,0
TRI,8/30/2006,27.4,27.6,27.4,27.6,22390,19.9,18.1,27.1,0.5,1.85,0,0,5030
TRI,8/31/2006,27.9,27.9,27.5,27.5,5680,19.9,18.1,27.6,-0.1,-0.36,0,0,0
TRI,9/1/2006,28,28,27.5,27.5,28190,28.8,26.2,27.5,0,0,0,0,0
TRI,9/5/2006,28,28.8,28,28.8,23760,28.8,26.2,27.5,1.3,4.73,0,0,0
TRI,9/6/2006,29,29,28.5,28.5,15830,30.2,27.4,28.8,-0.3,-1.04,0,1230,0
TRI,9/7/2006,29,29,28,28.2,13750,29.9,27.1,28.5,-0.3,-1.05,0,0,0
TRI,9/8/2006,29.6,29.6,29.6,29.6,39770,29.6,26.8,28.2,1.4,4.96,0,0,200
TRI,9/11/2006,30.9,31,30.9,31,7660,31,28.2,29.6,1.4,4.73,0,0,0
TRI,9/12/2006,31,31,29.5,29.9,62310,32.5,29.5,31,-1.1,-3.55,0,0,0
TRI,9/13/2006,29.1,30.2,29.1,30.2,20480,31.3,28.5,29.9,0.3,1,0,0,0
TRI,9/14/2006,30,30,30,30,17400,31.7,28.7,30.2,-0.2,-0.66,0,0,0
TRI,9/15/2006,30,30,30,30,6380,31.5,28.5,30,0,0,0,0,20
TRI,9/18/2006,30,30,30,30,9130,31.5,28.5,30,0,0,0,0,100
TRI,9/19/2006,29.1,29.5,29.1,29.5,10860,31.5,28.5,30,-0.5,-1.67,0,0,0
TRI,9/20/2006,29.8,30,29.8,30,26150,30.9,28.1,29.5,0.5,1.69,0,0,0
TRI,9/21/2006,30,30.3,30,30.3,8970,31.5,28.5,30,0.3,1,0,0,0
TRI,9/22/2006,30.5,30.6,30.5,30.6,22380,24.6,22.4,30.3,0.3,0.99,0,0,0
TRI,9/25/2006,31,31.5,31,31.2,23690,32.1,29.1,30.6,0.6,1.96,0,2000,220
TRI,9/26/2006,31.2,31.5,31.2,31.5,41550,32.7,29.7,31.2,0.3,0.96,0,0,0
TRI,9/27/2006,31.5,31.8,31.5,31.6,20320,33,30,31.5,0.1,0.32,0,200,0
TRI,9/28/2006,31.6,31.6,31.5,31.5,22840,19.9,18.1,31.6,-0.1,-0.32,0,200,0
TRI,9/29/2006,31.5,31.5,31,31,6170,19.9,18.1,31.5,-0.5,-1.59,0,470,0
TRI,10/2/2006,31,31.3,31,31.3,17500,32.5,29.5,31,0.3,0.97,0,0,0
TRI,10/3/2006,32,32,31.5,32,21100,32.8,29.8,31.3,0.7,2.24,0,0,0
TRI,10/4/2006,32,32,31.6,31.6,14510,33.6,30.4,32,-0.4,-1.25,0,0,0
TRI,10/5/2006,31.9,31.9,31,31,18330,33.1,30.1,31.6,-0.6,-1.9,0,0,0
TRI,10/6/2006,31.3,31.3,31.3,31.3,14320,32.5,29.5,31,0.3,0.97,0,0,0
TRI,10/9/2006,32.8,32.8,32.8,32.8,47200,32.8,29.8,31.3,1.5,4.79,0,0,0
TRI,10/10/2006,32.8,32.8,32,32,20570,34.4,31.2,32.8,-0.8,-2.44,0,0,0
TRI,10/11/2006,32.7,32.7,32,32,8880,33.6,30.4,32,0,0,0,0,0
TRI,10/12/2006,32,32,31.5,31.9,8680,33.6,30.4,32,-0.1,-0.31,0,0,0
TRI,10/13/2006,31.9,31.9,31,31,8420,33.4,30.4,31.9,-0.9,-2.82,0,0,0
TRI,10/16/2006,31,31,30.1,30.1,10050,32.5,29.5,31,-0.9,-2.9,0,0,0
TRI,10/17/2006,30.1,30.1,29.4,29.4,8810,31.6,28.6,30.1,-0.7,-2.33,0,0,0
TRI,10/18/2006,29.5,29.5,29.5,29.5,24350,30.8,28,29.4,0.1,0.34,0,0,0
TRI,10/19/2006,30,30.8,30,30.8,5980,30.9,28.1,29.5,1.3,4.41,0,0,0
TRI,10/20/2006,30.8,30.8,30,30,6330,32.3,29.3,30.8,-0.8,-2.6,0,0,0
TRI,10/23/2006,30,30,29.9,29.9,3560,49.8,45.2,30,-0.1,-0.33,0,0,0
TRI,10/24/2006,29.9,29.9,29.5,29.5,6240,31.3,28.5,29.9,-0.4,-1.34,0,0,0
TRI,10/25/2006,29.5,29.5,29.2,29.2,8560,30.9,28.1,29.5,-0.3,-1.02,0,0,0
TRI,10/26/2006,29.2,29.6,29.2,29.6,13260,30.6,27.8,29.2,0.4,1.37,0,0,0
TRI,10/27/2006,29.6,29.6,29.5,29.5,2540,31,28.2,29.6,-0.1,-0.34,0,0,0
TRI,10/30/2006,29.2,29.2,28.1,28.1,4760,19.9,18.1,29.5,-1.4,-4.75,0,0,0
TRI,10/31/2006,28.1,28.1,27,28.1,3370,19.9,18.1,28.1,0,0,0,0,0
TRI,11/1/2006,28.5,29.5,28.5,29,7010,29.5,26.7,28.1,0.9,3.2,0,0,0
TRI,11/2/2006,29.5,29.5,29,29,14250,30.4,27.6,29,0,0,0,0,0
TRI,11/3/2006,29,29.5,28.5,29.5,1130,30.4,27.6,29,0.5,1.72,0,0,0
TRI,11/6/2006,29.5,29.5,28.9,29.4,600,30.9,28.1,29.5,-0.1,-0.34,0,0,0
TRI,11/7/2006,29.4,29.4,29.2,29.2,3960,30.8,28,29.4,-0.2,-0.68,0,0,0
TRI,11/8/2006,28.6,28.9,28.6,28.8,3410,30.6,27.8,29.2,-0.4,-1.37,0,0,0
TRI,11/9/2006,28.8,28.8,28.5,28.5,2840,30.2,27.4,28.8,-0.3,-1.04,0,0,0
TRI,11/10/2006,28.5,28.5,28,28,3580,29.9,27.1,28.5,-0.5,-1.75,0,0,0
TRI,11/13/2006,28.3,28.3,27.5,28,9600,29.4,26.6,28,0,0,0,0,0
TRI,11/14/2006,28,28,27.8,27.8,8300,29.4,26.6,28,-0.2,-0.71,0,0,0
TRI,11/15/2006,27.8,27.8,27.8,27.8,13850,29.1,26.5,27.8,0,0,0,0,0
TRI,11/16/2006,27.8,27.8,27,27,12710,29.1,26.5,27.8,-0.8,-2.88,0,0,0
TRI,11/17/2006,26.8,26.8,26.8,26.8,26160,28.3,25.7,27,-0.2,-0.74,0,0,0
TRI,11/20/2006,26.8,27.1,26.8,27.1,12170,28.1,25.5,26.8,0.3,1.12,0,0,0
TRI,11/21/2006,27.1,27.1,27,27,5370,28.4,25.8,27.1,-0.1,-0.37,0,0,0
TRI,11/22/2006,27.8,28.2,27.8,28.2,13450,24.6,22.4,27,1.2,4.44,0,0,0
TRI,11/23/2006,29.6,29.6,29.6,29.6,23600,49.8,45.2,28.2,1.4,4.96,0,0,0
TRI,11/24/2006,31,31,31,31,22270,31,28.2,29.6,1.4,4.73,0,0,0
TRI,11/27/2006,31,31,29.5,29.5,17960,32.5,29.5,31,-1.5,-4.84,0,0,0
TRI,11/28/2006,29.5,29.9,28.7,29.9,22490,19.9,18.1,29.5,0.4,1.36,0,0,0
TRI,11/29/2006,29.9,29.9,28.5,28.5,3210,19.9,18.1,29.9,-1.4,-4.68,0,0,0
TRI,11/30/2006,28,28.4,28,28.4,11360,19.9,18.1,28.5,-0.1,-0.35,0,0,0
TRI,12/1/2006,28.5,28.5,28,28,6730,29.8,27,28.4,-0.4,-1.41,0,0,0
TRI,12/4/2006,27.1,29.1,27.1,29.1,12650,29.4,26.6,28,1.1,3.93,0,200,0
TRI,12/5/2006,27.7,28.6,27.7,28.6,5870,30.5,27.7,29.1,-0.5,-1.72,0,4970,0
TRI,12/6/2006,28.6,28.6,28,28,1330,30,27.2,28.6,-0.6,-2.1,0,0,0
TRI,12/7/2006,27.3,27.5,27.3,27.5,11520,29.4,26.6,28,-0.5,-1.79,0,0,0
TRI,12/8/2006,27,27,27,27,4100,28.8,26.2,27.5,-0.5,-1.82,0,2600,0
TRI,12/11/2006,27.5,28.3,27.5,28.3,18030,28.3,25.7,27,1.3,4.81,0,150,0
TRI,12/12/2006,29.7,29.7,29.7,29.7,45020,29.7,26.9,28.3,1.4,4.95,0,44520,200
TRI,12/13/2006,31.1,31.1,31,31,53640,31.1,28.3,29.7,1.3,4.38,0,0,200
TRI,12/14/2006,32.5,32.5,32.5,32.5,89600,32.5,29.5,31,1.5,4.84,0,0,0
TRI,12/15/2006,34.1,34.1,34.1,34.1,28250,34.1,30.9,32.5,1.6,4.92,0,0,0
TRI,12/18/2006,34.1,35.8,35.8,35.8,11860,35.8,32.4,34.1,1.7,4.99,0,0,0
TRI,12/19/2006,35.8,37.5,37.5,37.5,27050,37.5,34.1,35.8,1.7,4.75,0,0,0
TRI,12/20/2006,37.5,39.3,39.3,39.3,94770,39.3,35.7,37.5,1.8,4.8,0,57760,0
TRI,12/21/2006,39.3,41.2,39,39,152210,41.2,37.4,39.3,-0.3,-0.76,0,109200,0
TRI,12/22/2006,39,37.1,37.1,37.1,8270,24.6,22.4,39,-1.9,-4.87,0,589850,0
TRI,12/25/2006,35.3,35.3,35.3,35.3,23190,38.9,35.3,37.1,-1.8,-4.85,0,2000,4500
TRI,12/26/2006,34,34,33.6,34,32220,37,33.6,35.3,-1.3,-3.68,0,0,0
TRI,12/27/2006,0,35.7,35,35.7,27500,35.7,32.3,34,1.7,5,0,1600,700
TRI,12/28/2006,37.3,37.3,37,37,50570,19.9,18.1,35.7,1.3,3.64,0,25570,500
TRI,12/29/2006,38.8,38.8,38,38.8,85940,19.9,18.1,37,1.8,4.86,0,77760,1000
TRI,1/2/2007,37.5,37.5,36.9,37.5,13600,40.7,36.9,38.8,-1.3,-3.35,0,0,0
TRI,1/3/2007,39,39,37.3,37.3,19740,39.3,35.7,37.5,-0.2,-0.53,0,450,0
TRI,1/4/2007,38,38,37.3,38,19840,39.1,35.5,37.3,0.7,1.88,0,0,0
TRI,1/5/2007,38.6,38.6,38,38,29360,39.9,36.1,38,0,0,0,0,0
TRI,1/8/2007,39,39,36.3,36.3,20740,39.9,36.1,38,-1.7,-4.47,0,9000,0
TRI,1/9/2007,36.9,37,36.9,37,15050,38.1,34.5,36.3,0.7,1.93,0,0,0
TRI,1/10/2007,37,38,37,38,22770,38.8,35.2,37,1,2.7,0,0,0
TRI,1/11/2007,36.1,37,36.1,37,12130,39.9,36.1,38,-1,-2.63,0,0,0
TRI,1/12/2007,36.5,36.5,36.5,36.5,28930,38.8,35.2,37,-0.5,-1.35,0,0,6360
TRI,1/15/2007,36.2,36.6,36.2,36.6,64460,38.3,34.7,36.5,0.1,0.27,0,31560,1000
TRI,1/16/2007,38.4,38.4,38.4,38.4,21860,38.4,34.8,36.6,1.8,4.92,0,0,0
TRI,1/17/2007,40,40,39,39,38200,40.3,36.5,38.4,0.6,1.56,0,0,0
TRI,1/18/2007,37.3,38.5,37.3,38.5,23870,40.9,37.1,39,-0.5,-1.28,0,0,0
TRI,1/19/2007,39,39,39,39,26050,40.4,36.6,38.5,0.5,1.3,0,0,0
TRI,1/22/2007,39,39,37.3,38,28370,40.9,37.1,39,-1,-2.56,0,0,0
TRI,1/23/2007,37,37,37,37,25450,24.6,22.4,38,-1,-2.63,0,0,200
TRI,1/24/2007,38,38,36,36,82900,49.8,45.2,37,-1,-2.7,0,1000,81300
TRI,1/25/2007,37.8,37.8,35,35,98400,37.8,34.2,36,-1,-2.78,0,0,95400
TRI,1/26/2007,0,33.5,33.3,33.5,108150,36.7,33.3,35,-1.5,-4.29,0,0,103860
TRI,1/29/2007,35,35,35,35,12460,19.9,18.1,33.5,1.5,4.48,0,0,5000
TRI,1/30/2007,36.7,36.7,36.7,36.7,17400,19.9,18.1,35,1.7,4.86,0,0,5000
TRI,1/31/2007,0,38.5,38.5,38.5,26120,19.9,18.1,36.7,1.8,4.9,0,0,0
TRI,2/1/2007,40.4,40.4,40.4,40.4,38410,40.4,36.6,38.5,1.9,4.94,0,0,0
TRI,2/2/2007,0,42.4,42.4,42.4,21540,42.4,38.4,40.4,2,4.95,0,0,0
TRI,2/5/2007,44.5,44.5,44,44.5,58370,44.5,40.3,42.4,2.1,4.95,0,9800,0
TRI,2/6/2007,46.7,46.7,46.7,46.7,30810,46.7,42.3,44.5,2.2,4.94,0,0,0
TRI,2/7/2007,49,49,49,49,63300,49,44.4,46.7,2.3,4.93,0,0,0
TRI,2/8/2007,49,51,49,49,116700,51,46.6,49,0,0,0,0,0
TRI,2/9/2007,46.6,46.6,46.6,46.6,11120,51,46.6,49,-2.4,-4.9,0,100,0
TRI,2/12/2007,44.5,44.5,44.3,44.5,81570,48.9,44.3,46.6,-2.1,-4.51,0,0,39000
TRI,2/13/2007,44.5,46.7,44.5,44.5,76510,46.7,42.3,44.5,0,0,0,0,350
TRI,2/14/2007,46.6,46.7,46.6,46.6,66310,46.7,42.3,44.5,2.1,4.72,0,800,350
TRI,2/15/2007,48.9,48.9,48.9,48.9,66340,48.9,44.3,46.6,2.3,4.94,0,4200,25430
TRI,2/26/2007,51,51,51,51,48340,51,46.5,48.9,2.1,4.29,0,0,0
TRI,2/27/2007,53,53.5,53,53,75350,53.5,48.5,51,2,3.92,0,900,4870
TRI,2/28/2007,50.5,51.5,50.5,50.5,39920,55.5,50.5,53,-2.5,-4.72,0,2700,0
TRI,3/1/2007,49,49,48,49,77790,53,48,50.5,-1.5,-2.97,0,26650,17670
TRI,3/2/2007,50,50,49.9,49.9,36850,51,46.6,49,0.9,1.84,0,400,0
TRI,3/5/2007,50,50,49.9,50,45420,52,47.5,49.9,0.1,0.2,0,0,0
TRI,3/6/2007,47.5,50,47.5,47.5,29440,50.5,46.1,48.5,-1,-2.06,0,0,1680
TRI,3/7/2007,49,49.8,49,49.8,18980,49.8,45.2,47.5,2.3,4.84,0,9000,500
TRI,3/8/2007,52,52,52,52,77470,52,47.4,49.8,2.2,4.42,0,0,5750
TRI,3/9/2007,54.5,54.5,54.5,54.5,79780,54.5,49.4,52,2.5,4.81,0,77780,4500
TRI,3/12/2007,55,56.5,55,56,90810,57,52,54.5,1.5,2.75,0,8200,2000
TRI,3/13/2007,56.5,56.5,56.5,56.5,94660,58.5,53.5,56,0.5,0.89,0,0,2000
TRI,3/14/2007,54,56,54,54,57220,59,54,56.5,-2.5,-4.42,0,0,0
TRI,3/15/2007,54,54,51.5,51.5,29870,56.5,51.5,54,-2.5,-4.63,0,0,0
TRI,3/16/2007,49,54,49,54,32850,54,49,51.5,2.5,4.85,0,11900,300
TRI,3/19/2007,56.5,56.5,56.5,56.5,71520,56.5,51.5,54,2.5,4.63,0,45480,300
TRI,3/20/2007,55,57,56,57,89130,59,54,56.5,0.5,0.88,0,52490,0
TRI,3/21/2007,59.5,59.5,58,58,71020,59.5,54.5,57,1,1.75,0,0,800
TRI,3/22/2007,59,59.5,59,59.5,115580,60.5,55.5,58,1.5,2.59,0,80820,4500
TRI,3/23/2007,61,61,61,61,93240,62,57,59.5,1.5,2.52,0,0,23430
TRI,3/26/2007,59.5,59.5,58,58,28770,64,58,61,-3,-4.92,0,100,0
TRI,3/27/2007,58,58,55.5,55.5,3400,60.5,55.5,58,-2.5,-4.31,0,400,0
TRI,3/28/2007,54.5,54.5,53,53,6750,58,53,55.5,-2.5,-4.5,0,0,0
TRI,3/29/2007,55.5,55.5,55.5,55.5,32510,19.9,18.1,53,2.5,4.72,0,10600,0
TRI,3/30/2007,57,58,57,58,37090,19.9,18.1,55.5,2.5,4.5,0,21260,5000
TRI,4/2/2007,58,58,57,57,22060,60.5,55.5,58,-1,-1.72,0,0,0
TRI,4/3/2007,54.5,54.5,54.5,54.5,13910,59.5,54.5,57,-2.5,-4.39,0,0,0
TRI,4/4/2007,54.5,57,54.5,57,10000,57,52,54.5,2.5,4.59,0,310,0
TRI,4/5/2007,55,55,55,55,11410,59.5,54.5,57,-2,-3.51,0,200,0
TRI,4/6/2007,52.5,54.5,52.5,52.5,15520,57.5,52.5,55,-2.5,-4.55,0,0,0
TRI,4/9/2007,52.5,52.5,52,52,11670,55,49.9,52.5,-0.5,-0.95,0,50,0
TRI,4/10/2007,53,53,53,53,11160,54.5,49.4,52,1,1.92,0,0,0
TRI,4/11/2007,50.5,53,50.5,52,11840,55.5,50.5,53,-1,-1.89,0,8000,0
TRI,4/12/2007,51,51,50,50,6370,54.5,49.4,52,-2,-3.85,0,0,0
TRI,4/13/2007,47.5,47.5,47.5,47.5,18440,52.5,47.5,50,-2.5,-5,0,0,0
TRI,4/16/2007,45.2,45.2,45.2,45.2,4470,49.8,45.2,47.5,-2.3,-4.84,0,0,0
TRI,4/17/2007,43,43,43,43,21630,47.4,43,45.2,-2.2,-4.87,0,0,0
TRI,4/18/2007,43,45.1,43,45.1,7540,45.1,40.9,43,2.1,4.88,0,0,160
TRI,4/19/2007,0,47.3,47.3,47.3,2760,47.3,42.9,45.1,2.2,4.88,0,0,0
TRI,4/20/2007,49.5,49.5,48.7,48.7,20250,49.6,45,47.3,1.4,2.96,0,650,0
TRI,4/23/2007,47,47,46.3,46.3,9550,51,46.3,48.7,-2.4,-4.93,0,2000,0
TRI,4/24/2007,46.3,46.3,45.5,46.3,10870,48.6,44,46.3,0,0,0,2000,0
TRI,4/25/2007,46.3,48.6,46.3,48.6,6450,48.6,44,46.3,2.3,4.97,0,170,0
TRI,5/2/2007,48.6,49,48.6,49,10220,51,46.2,48.6,0.4,0.82,0,0,0
TRI,5/3/2007,51,51,51,51,20550,51,46.6,49,2,4.08,0,18500,0
TRI,5/4/2007,51,53.5,51,53.5,24990,53.5,48.5,51,2.5,4.9,0,22140,0
TRI,5/7/2007,54,54,51,54,23390,56,51,53.5,0.5,0.93,0,0,2700
TRI,5/8/2007,54,54,53,54,16730,56.5,51.5,54,0,0,0,1900,0
TRI,5/9/2007,54,54,52,52,9460,56.5,51.5,54,-2,-3.7,0,0,0
TRI,5/10/2007,52,52,51,51,4400,54.5,49.4,52,-1,-1.92,0,0,200
TRI,5/11/2007,49,52,49,52,5650,53.5,48.5,51,1,1.96,0,0,0
TRI,5/14/2007,54.5,54.5,54.5,54.5,49730,54.5,49.4,52,2.5,4.81,0,44630,0
TRI,5/15/2007,57,57,56,56,69350,57,52,54.5,1.5,2.75,0,49470,29190
TRI,5/16/2007,54.5,54.5,54,54,11510,58.5,53.5,56,-2,-3.57,0,1900,0
TRI,5/17/2007,52,53,52,53,7660,56.5,51.5,54,-1,-1.85,0,0,0
TRI,5/18/2007,55,55,53,54,12800,55.5,50.5,53,1,1.89,0,200,50
TRI,5/21/2007,56,56,53,53,11160,56.5,51.5,54,-1,-1.85,0,50,0
TRI,5/22/2007,50.5,54,50.5,54,5910,55.5,50.5,53,1,1.89,0,520,0
TRI,5/23/2007,56.5,56.5,56.5,56.5,91980,56.5,51.5,54,2.5,4.63,0,91000,59370
TRI,5/24/2007,54,54,54,54,4940,59,54,56.5,-2.5,-4.42,0,1000,0
TRI,5/25/2007,55.5,56,55,55.5,15170,56.5,51.5,54,1.5,2.78,0,1000,4000
TRI,5/28/2007,56,56,56,56,22570,19.9,18.1,55.5,0.5,0.9,0,2400,5000
TRI,5/29/2007,56,56,53.5,54,12280,19.9,18.1,56,-2,-3.57,0,0,1000
TRI,5/30/2007,51.5,51.5,51.5,51.5,32680,19.9,18.1,54,-2.5,-4.63,0,200,32480
TRI,5/31/2007,50,50,50,50,30260,19.9,18.1,47.7,2.3,4.82,0,0,19520
TRI,6/1/2007,0,51.5,50,50,14780,52.5,47.5,50,0,0,0,150,11180
TRI,6/4/2007,50,50,47.7,49.5,14700,52.5,47.5,50,-0.5,-1,0,0,0
TRI,6/5/2007,49.5,50,49.5,49.5,6940,51.5,47.1,49.5,0,0,0,0,0
TRI,6/6/2007,49,50,49,50,6260,51.5,47.1,49.5,0.5,1.01,0,0,0
TRI,6/7/2007,52,52,50,50,17430,52.5,47.5,50,0,0,0,10000,10850
TRI,6/8/2007,50,50,49.5,49.5,5460,52.5,47.5,50,-0.5,-1,0,0,0
TRI,6/11/2007,48,49,48,48.5,5130,51.5,47.1,49.5,-1,-2.02,0,0,0
TRI,6/12/2007,48.5,48.5,48,48,8510,50.5,46.1,48.5,-0.5,-1.03,0,0,0
TRI,6/13/2007,49.5,49.5,48,49,5400,50,45.6,48,1,2.08,0,0,1000
TRI,6/14/2007,49.5,49.5,49.5,49.5,8210,51,46.6,49,0.5,1.02,0,0,0
TRI,6/15/2007,50.5,50.5,50,50.5,20730,51.5,47.1,49.5,1,2.02,0,0,4390
TRI,6/18/2007,53,53,53,53,73060,53,48,50.5,2.5,4.95,0,3800,36370
TRI,6/19/2007,55,55,53,53,38370,55.5,50.5,53,0,0,0,4000,3220
TRI,6/20/2007,52,52,52,52,11990,55.5,50.5,53,-1,-1.89,0,1000,2400
TRI,6/21/2007,52,52,51,51,9750,54.5,49.4,52,-1,-1.92,0,0,300
TRI,6/22/2007,50.5,50.5,50,50.5,11690,53.5,48.5,51,-0.5,-0.98,0,1000,0
TRI,6/25/2007,49.7,50,49.7,49.7,12930,53,48,50.5,-0.8,-1.58,0,0,0
TRI,6/26/2007,50,50,49.5,50,9900,52,47.3,49.7,0.3,0.6,0,0,3350
TRI,6/27/2007,50,50,49.7,49.7,9000,52.5,47.5,50,-0.3,-0.6,0,200,0
TRI,6/28/2007,48.1,50,48.1,50,8190,19.9,18.1,49.7,0.3,0.6,0,0,1000
TRI,6/29/2007,50,52,50,52,60240,19.9,18.1,50,2,4,0,48000,35000
TRI,7/2/2007,49.4,49.5,49.4,49.5,4700,54.5,49.4,52,-2.5,-4.81,0,0,0
TRI,7/3/2007,47.2,47.2,47.1,47.1,15440,51.5,47.1,49.5,-2.4,-4.85,0,0,13790
TRI,7/4/2007,46.6,47,46.6,47,67960,49.4,44.8,47.1,-0.1,-0.21,0,0,62760
TRI,7/5/2007,48.9,48.9,47.5,47.5,8390,49.3,44.7,47,0.5,1.06,0,850000,0
TRI,7/6/2007,47.5,47.8,47.5,47.8,12760,49.8,45.2,47.5,0.3,0.63,0,0,0
TRI,7/9/2007,47.8,47.8,47.6,47.6,10550,50,45.5,47.8,-0.2,-0.42,0,1000,0
TRI,7/10/2007,47.2,48,47.2,48,12460,49.9,45.3,47.6,0.4,0.84,0,1100,0
TRI,7/11/2007,49,49,48,48.8,17420,50,45.6,48,0.8,1.67,0,0,0
TRI,7/12/2007,48,48,48,48,8000,51,46.4,48.8,-0.8,-1.64,0,100,0
TRI,7/13/2007,47.5,48,47.5,48,7350,50,45.6,48,0,0,0,0,700
TRI,7/16/2007,48,48,47.9,47.9,8970,50,45.6,48,-0.1,-0.21,0,200,0
TRI,7/17/2007,47.2,47.5,47.2,47.5,5920,50,45.6,47.9,-0.4,-0.84,0,0,0
TRI,7/18/2007,47,47.5,47.1,47.5,1990,49.8,45.2,47.5,0,0,0,0,0
TRI,7/19/2007,48,48,47.5,47.5,10620,49.8,45.2,47.5,0,0,0,0,0
TRI,7/20/2007,47.5,47.5,47,47.5,12540,49.8,45.2,47.5,0,0,0,0,2000
TRI,7/23/2007,48,48,47.1,47.1,18250,49.8,45.2,47.5,-0.4,-0.84,0,0,1900
TRI,7/24/2007,46.6,47,46.6,47,4370,49.4,44.8,47.1,-0.1,-0.21,0,0,0
TRI,7/25/2007,47,47,46.5,46.5,6200,49.3,44.7,47,-0.5,-1.06,0,0,0
TRI,7/26/2007,46.2,46.2,46,46,1200,48.8,44.2,46.5,-0.5,-1.08,0,0,210
TRI,7/27/2007,45.1,45.2,45,45,11140,48.3,43.7,46,-1,-2.17,0,0,3240
TRI,7/30/2007,43.5,43.5,43,43,11360,19.9,18.1,45,-2,-4.44,0,0,0
TRI,7/31/2007,43,43,42.5,42.5,7520,19.9,18.1,43,-0.5,-1.16,0,0,0
TRI,8/1/2007,42,43,42,43,10510,44.6,40.4,42.5,0.5,1.18,0,0,0
TRI,8/2/2007,43,43.5,43,43.5,7820,45.1,40.9,43,0.5,1.16,0,0,0
TRI,8/3/2007,43,44,43,43.8,6930,45.6,41.4,43.5,0.3,0.69,0,4000,0
TRI,8/6/2007,43.8,43.8,42,42,3720,45.9,41.7,43.8,-1.8,-4.11,0,20,0
TRI,8/7/2007,42.5,42.6,42.5,42.5,2950,44.1,39.9,42,0.5,1.19,0,0,0
TRI,8/8/2007,43,43.4,43,43,8700,44.6,40.4,42.5,0.5,1.18,0,0,0
TRI,8/9/2007,42.1,43,42.1,43,6370,45.1,40.9,43,0,0,0,0,0
TRI,8/10/2007,43,43,42.5,42.5,4780,45.1,40.9,43,-0.5,-1.16,0,0,0
TRI,8/13/2007,40.5,42.5,40.4,40.5,10110,42.5,38.5,42.5,-2,-4.71,0,100,100
TRI,8/14/2007,40.5,42.4,40.5,42.4,1410,42.5,38.5,40.5,1.9,4.69,0,200,0
TRI,8/15/2007,42.4,42.4,41.5,41.8,11900,55,45,46.3,-4.5,-9.72,0,0,0
TRI,8/16/2007,41,42,40.8,41,6400,43.89,39.71,41.8,-0.8,-1.91,0,1000,5150
TRI,8/17/2007,39.6,40,39.6,39.6,4960,55,45,50,-10.4,-20.8,0,200,0
TRI,8/20/2007,40,40,39.6,39.6,5840,41.5,37.7,39.6,0,0,0,0,1100
TRI,8/21/2007,39.6,41,39.6,41,7170,41.5,37.7,39.6,1.4,3.54,0,510,0
TRI,8/22/2007,42,42,41.5,42,13600,43,39,41,1,2.44,0,0,20
TRI,8/23/2007,42,42,41.5,41.5,7390,44.1,39.9,42,-0.5,-1.19,0,20,0
TRI,8/24/2007,40.5,42,40.5,42,21410,44.1,39.9,41.5,0.5,1.2,0,750,0
TRI,8/27/2007,41,42.5,41,42.5,11000,44.1,39.9,42,0.5,1.19,0,0,0
TRI,8/28/2007,42.5,42.5,40.5,40.5,15970,44.6,40.4,42.5,-2,-4.71,0,0,0
TRI,8/29/2007,40.1,42,40.1,41.9,4690,42.5,38.5,40.5,1.4,3.46,0,0,240
TRI,8/30/2007,41.8,41.9,41.5,41.5,5920,43.9,39.9,41.9,-0.4,-0.95,0,0,0
TRI,8/31/2007,41,41.8,41,41.8,9990,43.5,39.5,41.5,0.3,0.72,0,0,0
TRI,9/4/2007,43,43.8,42.9,43.8,43430,43.8,39.8,41.8,2,4.78,0,0,0
TRI,9/5/2007,45.9,45.9,45,45.9,44490,45.9,41.7,43.8,2.1,4.79,0,2800,0
TRI,9/6/2007,48.1,48.1,48.1,48.1,88520,48.1,43.7,45.9,2.2,4.79,0,0,45000
TRI,9/7/2007,50,50,48.5,50,98520,50.5,45.7,48.1,1.9,3.95,0,23870,6450
TRI,9/10/2007,51,52.5,50,52.5,75100,52.5,47.5,50,2.5,5,0,40530,7000
TRI,9/11/2007,55,55,54,55,111170,55,49.9,52.5,2.5,4.76,0,43600,3400
TRI,9/12/2007,55,55,52.5,52.5,92470,57.5,52.5,55,-2.5,-4.55,0,45000,0
TRI,9/13/2007,50,51,49.9,49.9,41670,55,49.9,52.5,-2.6,-4.95,0,6450,0
TRI,9/14/2007,49,50.5,49,50.5,23210,52,47.5,49.9,0.6,1.2,0,7000,0
TRI,9/17/2007,52,52,50.5,52,15140,53,48,50.5,1.5,2.97,0,3400,2070
TRI,9/18/2007,52,52,50,50,13930,54.5,49.4,52,-2,-3.85,0,0,10
TRI,9/19/2007,50,50.5,50,50.5,32600,52.5,47.5,50,0.5,1,0,0,3990
TRI,9/20/2007,52.5,52.5,50.5,51,45400,53,48,50.5,0.5,0.99,0,0,0
TRI,9/21/2007,50.5,51.5,50,51,15320,53.5,48.5,51,0,0,0,2070,0
TRI,9/24/2007,51,51,50,50.5,18330,53.5,48.5,51,-0.5,-0.98,0,0,0
TRI,9/25/2007,50.5,53,50.5,51.5,45360,53,48,50.5,1,1.98,0,4000,0
TRI,9/26/2007,51,51,50.5,51,21460,54,49,51.5,-0.5,-0.97,0,0,0
TRI,9/27/2007,51,51,50,50,19770,53.5,48.5,51,-1,-1.96,0,0,0
TRI,9/28/2007,50.5,51,50.5,51,20120,52.5,47.5,50,1,2,0,0,0
TRI,10/1/2007,52,53,51,52.5,32330,53.5,48.5,51,1.5,2.94,0,0,4870
TRI,10/2/2007,53,53,51,51,13990,55,49.9,52.5,-1.5,-2.86,0,0,0
TRI,10/3/2007,52,53,51.5,53,93750,53.5,48.5,51,2,3.92,0,0,10620
TRI,10/4/2007,55.5,55.5,53,55.5,78810,55.5,50.5,53,2.5,4.72,0,0,0
TRI,10/5/2007,58,58,56,58,178880,58,53,55.5,2.5,4.5,0,0,0
TRI,10/8/2007,56,56.5,55.5,55.5,42920,60.5,55.5,58,-2.5,-4.31,0,640,1900
TRI,10/9/2007,54,55.5,54,55,19540,58,53,55.5,-0.5,-0.9,0,1700,0
TRI,10/10/2007,56,56,54.5,55,50090,57.5,52.5,55,0,0,0,0,10000
TRI,10/11/2007,54,55,54,54.5,37960,57.5,52.5,55,-0.5,-0.91,0,0,0
TRI,10/12/2007,57,57,55,56.5,81680,57,52,54.5,2,3.67,0,0,6350
TRI,10/15/2007,56,57,55,55.5,33690,59,54,56.5,-1,-1.77,0,1100,980
TRI,10/16/2007,56,56.5,55.5,56,24450,58,53,55.5,0.5,0.9,0,0,4060
TRI,10/17/2007,56,56.5,55,56,22090,58.5,53.5,56,0,0,0,0,0
TRI,10/18/2007,56,56,54,54,15570,58.5,53.5,56,-2,-3.57,0,0,5000
TRI,10/19/2007,53,53.5,53,53.5,14010,56.5,51.5,54,-0.5,-0.93,0,600,0
TRI,10/22/2007,54,54,51,51,71040,56,51,53.5,-2.5,-4.67,0,400,62820
TRI,10/23/2007,50,51,49.7,50,88620,53.5,48.5,51,-1,-1.96,0,0,70220
TRI,10/24/2007,51,52.5,51,52.5,27110,52.5,47.5,50,2.5,5,0,0,20000
TRI,10/25/2007,54.5,54.5,51,53.5,59690,55,49.9,52.5,1,1.9,0,100,49030
TRI,10/26/2007,52,53,51.5,53,61800,56,51,53.5,-0.5,-0.93,0,8700,33000
TRI,10/29/2007,53,53,50.5,51,29180,55.5,50.5,53,-2,-3.77,0,12300,0
TRI,10/30/2007,51,51,50,50.5,25200,53.5,48.5,51,-0.5,-0.98,0,0,12450
TRI,10/31/2007,50,51,50,50,77600,53,48,50.5,-0.5,-0.99,0,1740,60000
TRI,11/1/2007,49,49.5,48.9,49,65750,52.5,47.5,50,-1,-2,0,0,50000
TRI,11/2/2007,49,50,49,49.7,27160,51,46.6,49,0.7,1.43,0,0,0
TRI,11/5/2007,48,48,47.3,47.3,55910,52,47.3,49.7,-2.4,-4.83,0,2540,35410
TRI,11/6/2007,47,47.3,46.7,46.7,24080,49.6,45,47.3,-0.6,-1.27,0,0,640
TRI,11/7/2007,44.5,47.5,44.5,47.5,19140,49,44.4,46.7,0.8,1.71,0,150,0
TRI,11/8/2007,48.5,49,47.5,47.5,22370,49.8,45.2,47.5,0,0,0,0,3970
TRI,11/9/2007,46,46.5,46,46.5,24970,49.8,45.2,47.5,-1,-2.11,0,70,6270
TRI,11/12/2007,47,47,46,46,13030,48.8,44.2,46.5,-0.5,-1.08,0,1100,430
TRI,11/13/2007,45,45,43.8,43.8,21070,48.3,43.7,46,-2.2,-4.78,0,0,0
TRI,11/14/2007,45.5,45.9,45.5,45.9,18190,45.9,41.7,43.8,2.1,4.79,0,0,0
TRI,11/15/2007,47,47,46,46.5,42410,48.1,43.7,45.9,0.6,1.31,0,0,0
TRI,11/16/2007,46,46.5,46,46,8000,48.8,44.2,46.5,-0.5,-1.08,0,0,0
TRI,11/19/2007,46,46,45,45.5,18940,47.7,43.3,46,-0.5,-1.09,0,0,0
TRI,11/20/2007,44.2,45.9,44.2,45,9530,47.7,43.3,45.5,-0.5,-1.1,0,100,0
TRI,11/21/2007,44.2,45,44.1,45,8650,47.2,42.8,45,0,0,0,1000,700
TRI,11/22/2007,44,45.6,44,45.6,9220,47.2,42.8,45,0.6,1.33,0,0,0
TRI,11/23/2007,45.6,46,45,45,8540,47.8,43.4,45.6,-0.6,-1.32,0,4000,2360
TRI,11/26/2007,44.3,46,44.3,46,6600,47.2,42.8,45,1,2.22,0,0,0
TRI,11/27/2007,47,47,46,46,12080,48.3,43.7,46,0,0,0,0,0
TRI,11/28/2007,46.5,46.5,46,46.5,17900,48.3,43.7,46,0.5,1.09,0,0,1100
TRI,11/29/2007,46.6,46.6,46.5,46.5,9650,48.8,44.2,46.5,0,0,0,180,0
TRI,11/30/2007,45.1,46,45.1,46,3550,48.8,44.2,46.5,-0.5,-1.08,0,0,0
TRI,12/3/2007,44,46.5,44,45.5,14770,48.3,43.7,46,-0.5,-1.09,0,160,0
TRI,12/4/2007,46,46.4,46,46,6750,47.7,43.3,45.5,0.5,1.1,0,100,0
TRI,12/5/2007,45.5,46,45.5,45.5,7250,48.3,43.7,46,-0.5,-1.09,0,0,0
TRI,12/6/2007,45,45,44.7,44.7,4660,47.7,43.3,45.5,-0.8,-1.76,0,0,40
TRI,12/7/2007,44.7,45,44.7,45,5050,46.9,42.5,44.7,0.3,0.67,0,0,0
TRI,12/10/2007,44.6,45,44,44,15570,47.2,42.8,45,-1,-2.22,0,100,0
TRI,12/11/2007,44,44,44,44,12490,46.2,41.8,44,0,0,0,0,0
TRI,12/12/2007,43.5,45,43,44,4730,46.2,41.8,44,0,0,0,0,0
TRI,12/13/2007,44,44.5,44,44,6080,46.2,41.8,44,0,0,0,0,0
TRI,12/14/2007,44,44,43.5,43.5,6460,46.2,41.8,44,-0.5,-1.14,0,0,0
TRI,12/17/2007,43,43.1,42.5,42.5,5670,45.6,41.4,43.5,-1,-2.3,0,0,330
TRI,12/18/2007,44,44.6,44,44.6,16130,44.6,40.4,42.5,2.1,4.94,0,0,0
TRI,12/19/2007,46.8,46.8,46.8,46.8,22590,46.8,42.4,44.6,2.2,4.93,0,0,0
TRI,12/20/2007,48.6,48.6,46,46,80660,49.1,44.5,46.8,-0.8,-1.71,0,0,0
TRI,12/21/2007,47,47.5,46.5,47.5,47500,48.3,43.7,46,1.5,3.26,0,1600,0
TRI,12/24/2007,47.5,47.5,46.2,46.2,12440,49.8,45.2,47.5,-1.3,-2.74,0,0,0
TRI,12/25/2007,46.4,46.4,45.2,45.5,13240,48.5,43.9,46.2,-0.7,-1.52,0,3000,0
TRI,12/26/2007,44,45,44,45,2020,47.7,43.3,45.5,-0.5,-1.1,0,0,0
TRI,12/27/2007,45.7,46,45.7,45.8,12100,47.2,42.8,45,0.8,1.78,0,0,1100
TRI,12/28/2007,46,46,45,45.5,9720,48,43.6,45.8,-0.3,-0.66,0,200,0
TRI,1/2/2008,45.5,47,45.5,47,4050,47.7,43.3,45.5,1.5,3.3,0,200,200
TRI,1/3/2008,47,47,46.5,47,36840,49.3,44.7,47,0,0,0,0,1040
TRI,1/4/2008,46.5,46.5,45.6,45.8,6880,49.3,44.7,47,-1.2,-2.55,0,0,0
TRI,1/7/2008,45.5,45.6,44.2,44.2,5930,48,43.6,45.8,-1.6,-3.49,0,0,1200
TRI,1/8/2008,44.2,45.9,44.2,44.7,3950,46.4,42,44.2,0.5,1.13,0,0,0
TRI,1/9/2008,45.9,45.9,44,44,11390,46.9,42.5,44.7,-0.7,-1.57,0,200,0
TRI,1/10/2008,42,42.1,42,42.1,12760,46.2,41.8,44,-1.9,-4.32,0,0,50
TRI,1/11/2008,42,43.9,42,43.5,19790,44.2,39.99,42.1,1.4,3.33,0,1100,10780
TRI,1/14/2008,43.5,43.5,42,42,9380,45.6,41.4,43.5,-1.5,-3.45,0,0,1720
TRI,1/15/2008,42,42,39.9,39.9,19000,44.1,39.9,42,-2.1,-5,0,0,0
TRI,1/16/2008,41.8,41.8,41.8,41.8,6300,41.8,38,39.9,1.9,4.76,0,0,0
TRI,1/17/2008,43.8,43.8,42,43.3,24060,43.8,39.8,41.8,1.5,3.59,0,0,0
TRI,1/18/2008,44,45.4,43,45.4,20990,45.4,41.2,43.3,2.1,4.85,0,0,0
TRI,1/21/2008,45.4,45.4,44,44,2300,47.6,43.2,45.4,-1.4,-3.08,0,0,0
TRI,1/22/2008,43.2,43.2,43,43,8520,46.2,41.8,44,-1,-2.27,0,0,0
TRI,1/23/2008,43,43,40.9,40.9,16070,45.1,40.9,43,-2.1,-4.88,0,0,0
TRI,1/24/2008,42.4,42.9,42.4,42.9,27750,42.9,38.9,40.9,2,4.89,0,0,0
TRI,1/25/2008,41.5,42.5,41.5,42.5,4320,45.05,40.76,42.9,-0.4,-0.93,0,0,0
TRI,1/28/2008,41.8,42,41.8,42,1750,44.6,40.4,42.5,-0.5,-1.18,0,0,0
TRI,1/29/2008,42,42.8,42,42.8,7180,44.1,39.9,42,0.8,1.9,0,0,0
TRI,1/30/2008,44.9,44.9,44.9,44.9,7080,44.9,40.7,42.8,2.1,4.91,0,0,0
TRI,1/31/2008,42.8,44.9,42.7,44.9,6700,47.1,42.7,44.9,0,0,0,0,0
TRI,2/1/2008,46.8,46.8,45,46.8,8510,47.1,42.7,44.9,1.9,4.23,0,0,0
TRI,2/12/2008,45,45.1,44.5,44.5,8570,49.1,44.5,46.8,-2.3,-4.91,0,0,0
TRI,2/13/2008,42.7,44,42.7,43,8080,46.7,42.3,44.5,-1.5,-3.37,0,0,0
TRI,2/14/2008,44.6,44.6,41.5,44.5,10570,45.1,40.9,43,1.5,3.49,0,4000,0
TRI,2/15/2008,44.5,44.5,44,44,3350,46.7,42.3,44.5,-0.5,-1.12,0,0,0
TRI,2/18/2008,42,42,42,42,6590,46.2,41.8,44,-2,-4.55,0,4320,0
TRI,2/19/2008,40.1,42,40.1,42,6560,44.1,39.9,42,0,0,0,0,0
TRI,2/20/2008,42,42,39.9,39.9,5390,44.1,39.9,42,-2.1,-5,0,0,0
TRI,2/21/2008,38,38,38,38,10630,41.8,38,39.9,-1.9,-4.76,0,100,0
TRI,2/22/2008,36.6,36.7,36.1,36.5,13710,39.9,36.1,38,-1.5,-3.95,0,0,0
TRI,2/25/2008,38.3,38.3,38.3,38.3,5790,38.3,34.7,36.5,1.8,4.93,0,0,0
TRI,2/26/2008,40.2,40.2,38.5,38.5,18790,40.22,36.38,38.3,0.2,0.52,0,0,2960
TRI,2/27/2008,38.5,39,38.5,38.5,6140,40.4,36.6,38.5,0,0,0,0,0
TRI,2/28/2008,38.5,39,38.5,38.5,11780,40.4,36.6,38.5,0,0,0,0,5100
TRI,2/29/2008,36,36,35.2,35.2,9740,38.8,35.2,37,-1.8,-4.86,0,0,4500
TRI,3/3/2008,33.5,35,33.5,33.5,5520,36.9,33.5,35.2,-1.7,-4.83,0,0,0
TRI,3/4/2008,31.9,31.9,31.9,31.9,3330,35.1,31.9,33.5,-1.6,-4.78,0,0,0
TRI,3/5/2008,30.5,31,30.4,30.6,53830,33.4,30.4,31.9,-1.3,-4.08,0,49930,0
TRI,3/6/2008,32.1,32.1,32.1,32.1,72300,32.1,29.1,30.6,1.5,4.9,0,15700,65000
TRI,3/7/2008,33.7,33.7,33.5,33.7,46750,33.7,30.5,32.1,1.6,4.98,0,17530,40000
TRI,3/10/2008,35.3,35.3,35,35,89020,35.38,32.02,33.7,1.3,3.86,0,69700,13900
TRI,3/11/2008,33.6,36,33.6,36,17510,36.7,33.3,35,1,2.86,0,2000,0
TRI,3/12/2008,34.2,36,34.2,36,22090,37.8,34.2,36,0,0,0,0,0
TRI,3/13/2008,34.4,35.9,34.2,34.2,11270,37.8,34.2,36,-1.8,-5,0,0,500
TRI,3/14/2008,34.2,34.2,33,33.3,11000,35.9,32.5,34.2,-0.9,-2.63,0,2000,600
TRI,3/17/2008,31.7,31.7,31.7,31.7,7790,34.9,31.7,33.3,-1.6,-4.8,0,0,4000
TRI,3/18/2008,30.2,31,30.2,30.2,42260,33.2,30.2,31.7,-1.5,-4.73,0,50,6000
TRI,3/19/2008,29,30.2,28.7,28.7,27860,31.7,28.7,30.2,-1.5,-4.97,0,0,21200
TRI,3/20/2008,29.8,29.8,28,28,14810,30.1,27.3,28.7,-0.7,-2.44,0,600,8000
TRI,3/21/2008,29,29,28.2,28.5,17680,29.4,26.6,28,0.5,1.79,0,1420,0
TRI,3/24/2008,28,28,27.1,27.1,15740,29.9,27.1,28.5,-1.4,-4.91,0,1740,0
TRI,3/25/2008,25.8,26,25.8,25.8,30790,28.4,25.8,27.1,-1.3,-4.8,0,2840,0
TRI,3/26/2008,24.6,27,24.6,27,31480,27,24.6,25.8,1.2,4.65,0,570,11000
TRI,3/27/2008,27,27.2,27,27.2,430,28.35,25.65,27,0.2,0.74,0,0,0
TRI,3/28/2008,27.4,27.4,27.4,27.4,800,27.4,27,27.2,0.2,0.74,0,0,0
TRI,3/31/2008,27.6,27.6,27.6,27.6,2000,27.6,27.2,27.4,0.2,0.73,0,0,0
TRI,4/1/2008,27.8,27.8,27.8,27.8,2010,27.8,27.4,27.6,0.2,0.72,0,0,0
TRI,4/2/2008,28,28,28,28,20,28,27.6,27.8,0.2,0.72,0,0,0
TRI,4/3/2008,28.2,28.2,28.2,28.2,100,28.2,27.8,28,0.2,0.71,0,0,0
TRI,4/4/2008,28.4,28.4,28.4,28.4,410,28.4,28,28.2,0.2,0.71,0,0,0
TRI,4/7/2008,28.9,28.9,28.9,28.9,5610,28.9,27.9,28.4,0.5,1.76,0,10,0
TRI,4/8/2008,29.4,29.4,28.6,28.6,19480,29.4,28.4,28.9,-0.3,-1.04,0,550,0
TRI,4/9/2008,29.1,29.1,28.5,29.1,11690,29.1,28.1,28.6,0.5,1.75,0,0,0
TRI,4/10/2008,28.6,29,28.6,29,4200,30.55,27.64,29.1,-0.1,-0.34,0,0,0
TRI,4/11/2008,28.5,28.5,28.5,28.5,1280,29.5,28.5,29,-0.5,-1.72,0,300,0
TRI,4/16/2008,28.5,28,28,28,200,29,28,28.5,-0.5,-1.75,0,0,0
TRI,4/17/2008,27.5,28.5,27.5,28.5,9660,28.5,27.5,28,0.5,1.79,0,0,0
TRI,4/18/2008,28.5,29,28,28.5,6200,29,28,28.5,0,0,0,400,0
TRI,4/21/2008,28.5,28.5,28,28.4,7190,29,28,28.5,-0.1,-0.35,0,300,0
TRI,4/22/2008,28.4,28.4,28,28.2,6800,28.9,27.9,28.4,-0.2,-0.7,0,300,0
TRI,4/23/2008,27.7,27.7,27.7,27.7,4850,28.7,27.7,28.2,-0.5,-1.77,0,100,0
TRI,4/24/2008,27.2,27.5,27.2,27.2,5690,28.2,27.2,27.7,-0.5,-1.81,0,300,0
TRI,4/25/2008,26.7,26.8,26.7,26.7,3610,27.7,26.7,27.2,-0.5,-1.84,0,0,0
TRI,4/28/2008,26.2,27.2,26.2,27.2,1010,27.2,26.2,26.7,0.5,1.87,0,0,0
TRI,4/29/2008,27,27.7,27,27.7,2150,27.7,26.7,27.2,0.5,1.84,0,0,0
TRI,5/5/2008,27.3,28,27.2,27.2,7210,28.2,27.2,27.7,-0.5,-1.81,0,0,0
TRI,5/6/2008,26.7,26.7,26.7,26.7,3430,27.7,26.7,27.2,-0.5,-1.84,0,0,0
TRI,5/7/2008,26.2,26.2,26.2,26.2,3700,27.2,26.2,26.7,-0.5,-1.87,0,2100,0
TRI,5/8/2008,25.7,25.7,25.7,25.7,50,26.7,25.7,26.2,-0.5,-1.91,0,0,0
TRI,5/9/2008,25.2,25.2,25.2,25.2,4600,26.2,25.2,25.7,-0.5,-1.95,0,0,0
TRI,5/12/2008,24.7,24.7,24.7,24.7,3600,25.7,24.7,25.2,-0.5,-1.98,0,3000,0
TRI,5/13/2008,24.3,24.3,24.3,24.3,2600,25.1,24.3,24.7,-0.4,-1.62,0,2000,2000
TRI,5/14/2008,23.9,23.9,23.9,23.9,40,24.7,23.9,24.3,-0.4,-1.65,0,0,40
TRI,5/15/2008,23.5,23.5,23.5,23.5,6190,24.3,23.5,23.9,-0.4,-1.67,0,6000,2000
TRI,5/16/2008,23.1,23.9,23.1,23.1,19280,23.9,23.1,23.5,-0.4,-1.7,0,17200,0
TRI,5/19/2008,22.7,22.7,22.7,22.7,2120,23.5,22.7,23.1,-0.4,-1.73,0,2000,0
TRI,5/20/2008,22.3,22.3,22.3,22.3,2420,23.1,22.3,22.7,-0.4,-1.76,0,2000,1890
TRI,5/21/2008,21.9,21.9,21.9,21.9,2250,22.7,21.9,22.3,-0.4,-1.79,0,2000,1080
TRI,5/22/2008,21.5,21.5,21.5,21.5,2000,22.3,21.5,21.9,-0.4,-1.83,0,2000,0
TRI,5/23/2008,21.1,21.1,21.1,21.1,17070,21.9,21.1,21.5,-0.4,-1.86,0,17000,2000
TRI,5/26/2008,20.7,20.7,20.7,20.7,2170,21.5,20.7,21.1,-0.4,-1.9,0,2000,2000
TRI,5/27/2008,20.7,20.7,20.7,20.7,0,0,0,0,20.7,0,0,0,0
TRI,5/28/2008,20.7,20.7,20.7,20.7,0,0,0,0,20.7,0,0,0,0
TRI,5/29/2008,20.7,20.7,20.7,20.7,0,0,0,0,20.7,0,0,0,0
TRI,5/30/2008,20.3,20.3,20.3,20.3,50,21.7,19.7,20.7,-0.4,-1.93,0,0,0
TRI,6/2/2008,19.9,19.9,19.9,19.9,2000,20.7,19.9,20.3,-0.4,-1.97,0,2000,0
TRI,6/3/2008,19.6,19.6,19.6,19.6,1200,20.2,19.6,19.9,-0.3,-1.51,0,0,200
TRI,6/4/2008,19.3,19.3,19.3,19.3,2000,19.9,19.3,19.6,-0.3,-1.53,0,0,2000
TRI,6/5/2008,19,19,19,19,2200,19.6,19,19.3,-0.3,-1.55,0,0,0
TRI,6/6/2008,18.7,18.7,18.7,18.7,2110,19.3,18.7,19,-0.3,-1.58,0,0,110
TRI,6/9/2008,18.4,18.4,18.4,18.4,4050,19,18.4,18.7,-0.3,-1.6,0,4000,2790
TRI,6/10/2008,18.1,18.1,18.1,18.1,150,18.7,18.1,18.4,-0.3,-1.63,0,0,100
TRI,6/11/2008,17.8,18.4,17.8,18.4,26580,18.4,17.8,18.1,0.3,1.66,0,8000,7400
TRI,6/12/2008,18.7,18.7,18.7,18.7,5900,18.7,18.1,18.4,0.3,1.63,0,3900,0
TRI,6/13/2008,19,19,19,19,7390,19,18.4,18.7,0.3,1.6,0,1000,0
TRI,6/16/2008,19.3,19.3,19.3,19.3,510,19.3,18.7,19,0.3,1.58,0,0,0
TRI,6/17/2008,19.5,19.5,19.5,19.5,300,19.6,19,19.3,0.2,1.04,0,0,0
TRI,6/18/2008,19.5,19.8,19.2,19.5,15910,19.8,19.2,19.5,0,0,0,0,0
TRI,6/19/2008,19.6,19.6,19,19,1630,20,19,19.5,-0.5,-2.56,0,0,0
TRI,6/20/2008,18.5,18.5,18.5,18.5,4200,19.5,18.5,19,-0.5,-2.63,0,1000,3200
TRI,6/23/2008,18,18.9,18,18.9,12110,19,18,18.5,0.4,2.16,0,0,12000
TRI,6/24/2008,18.4,19.4,18.4,19.4,11070,19.4,18.4,18.9,0.5,2.65,0,4250,0
TRI,6/25/2008,19.9,19.9,19.7,19.7,21250,19.9,18.9,19.4,0.3,1.55,0,3000,1130
TRI,6/26/2008,20.1,20.1,19.2,19.2,2250,20.2,19.2,19.7,-0.5,-2.54,0,0,30
TRI,6/27/2008,19.2,19.3,19.3,19.3,500,19.7,18.7,19.2,0.1,0.52,0,0,0
TRI,6/30/2008,18.8,18.8,18.8,18.8,4100,19.8,18.8,19.3,-0.5,-2.59,0,100,4000
TRI,7/1/2008,18.7,19.3,18.7,19.3,19490,19.3,18.3,18.8,0.5,2.66,0,50,9290
TRI,7/2/2008,19.8,19.8,19.3,19.5,10240,19.8,18.8,19.3,0.2,1.04,0,3490,0
TRI,7/3/2008,20,20,19.7,20,5700,20,19,19.5,0.5,2.56,0,150,0
TRI,7/4/2008,20.6,20.6,20.6,20.6,8190,20.6,19.4,20,0.6,3,0,5150,0
TRI,7/7/2008,21.2,21.2,20,20,35100,21.2,20,20.6,-0.6,-2.91,0,34000,0
TRI,7/8/2008,19.4,20.6,19.4,20.6,3720,20.6,19.4,20,0.6,3,0,0,0
TRI,7/9/2008,21,21,20,20.5,4990,21.2,20,20.6,-0.1,-0.49,0,0,0
TRI,7/10/2008,19.9,21,19.9,20.5,11990,21.1,19.9,20.5,0,0,0,1000,2870
TRI,7/11/2008,20,21,20,21,13570,21.1,19.9,20.5,0.5,2.44,0,50,0
TRI,7/14/2008,21.5,21.6,21.3,21.6,13600,21.6,20.4,21,0.6,2.86,0,0,0
TRI,7/15/2008,22.2,22.2,22.2,22.2,12450,22.2,21,21.6,0.6,2.78,0,0,0
TRI,7/16/2008,22.7,22.7,21.6,22.4,12000,22.8,21.6,22.2,0.2,0.9,0,0,0
TRI,7/17/2008,21.8,22.4,21.8,21.8,21810,23,21.8,22.4,-0.6,-2.68,0,1300,4860
TRI,7/18/2008,0,21.2,21.2,21.2,500,22.4,21.2,21.8,-0.6,-2.75,0,0,500
TRI,7/21/2008,20.6,20.6,20.6,20.6,50,21.8,20.6,21.2,-0.6,-2.83,0,0,0
TRI,7/22/2008,20,20,20,20,500,21.2,20,20.6,-0.6,-2.91,0,500,0
TRI,7/23/2008,0,0,0,20,0,20.6,19.4,20,0,0,0,0,0
TRI,7/24/2008,19.4,19.4,19.4,19.4,100,20.6,19.4,20,-0.6,-3,0,100,100
TRI,7/25/2008,0,18.9,18.9,18.9,20,19.9,18.9,19.4,-0.5,-2.58,0,0,20
TRI,7/28/2008,18.4,18.4,18.4,18.4,15120,19.4,18.4,18.9,-0.5,-2.65,0,10000,15120
TRI,7/29/2008,18.9,18.9,17.9,17.9,49460,18.9,17.9,18.4,-0.5,-2.72,0,0,39150
TRI,7/30/2008,17.5,17.5,17.4,17.4,10020,18.4,17.4,17.9,-0.5,-2.79,0,0,0
TRI,7/31/2008,16.9,16.9,16.9,16.9,5680,17.9,16.9,17.4,-0.5,-2.87,0,0,0
TRI,8/1/2008,16.4,16.4,16.4,16.4,2470,17.4,16.4,16.9,-0.5,-2.96,0,0,0
TRI,8/4/2008,16,16,16,16,730,16.8,16,16.4,-0.4,-2.44,0,0,0
TRI,8/5/2008,15.6,15.6,15.6,15.6,730,16.4,15.6,16,-0.4,-2.5,0,0,0
TRI,8/6/2008,15.2,15.2,15.2,15.2,5840,16,15.2,15.6,-0.4,-2.56,0,200,0
TRI,8/7/2008,14.8,15.4,14.8,14.9,14580,15.6,14.8,15.2,-0.3,-1.97,0,0,0
TRI,8/8/2008,14.6,15.3,14.6,15.3,12540,15.3,14.5,14.9,0.4,2.68,0,0,830
TRI,8/11/2008,15.7,15.7,15.7,15.7,1820,15.7,14.9,15.3,0.4,2.61,0,0,0
TRI,8/12/2008,16.1,16.1,16,16,5660,16.1,15.3,15.7,0.3,1.91,0,300,0
TRI,8/13/2008,15.6,16.4,15.6,16.4,3040,16.4,15.6,16,0.4,2.5,0,100,0
TRI,8/14/2008,16.4,16.8,16.1,16.8,26560,16.8,16,16.4,0.4,2.44,0,0,6800
TRI,8/15/2008,17.3,17.3,17.3,17.3,4140,17.3,16.3,16.8,0.5,2.98,0,1000,0
TRI,8/18/2008,17.8,18,17.5,18,6410,18.1,16.5,17.3,0.7,4.05,0,0,0
TRI,8/19/2008,18.4,18.4,18,18,6540,18.9,17.1,18,0,0,0,500,0
TRI,8/20/2008,17.1,17.1,17.1,17.1,7060,18.9,17.1,18,-0.9,-5,0,6000,0
TRI,8/21/2008,16.3,17.5,16.3,16.4,10830,17.9,16.3,17.1,-0.7,-4.09,0,0,0
TRI,8/22/2008,17.2,17.2,16.9,17.2,17890,17.2,15.6,16.4,0.8,4.88,0,5800,300
TRI,8/25/2008,18,18,17.9,17.9,27970,18,16.4,17.2,0.7,4.07,0,0,0
TRI,8/26/2008,18.5,18.7,18.5,18.7,27330,18.7,17.1,17.9,0.8,4.47,0,0,0
TRI,8/27/2008,18.7,19.6,17.8,19.4,39290,19.6,17.8,18.7,0.7,3.74,0,3460,25900
TRI,8/28/2008,18.5,18.5,18.5,18.5,6200,20.3,18.5,19.4,-0.9,-4.64,0,0,1490
TRI,8/29/2008,17.6,17.6,17.6,17.6,6120,19.4,17.6,18.5,-0.9,-4.86,0,0,3040
TRI,9/3/2008,18.4,18.4,18.1,18.4,14370,18.4,16.8,17.6,0.8,4.55,0,0,5470
TRI,9/4/2008,19,19,18,18.5,28360,19.3,17.5,18.4,0.1,0.54,0,7200,10000
TRI,9/5/2008,17.8,18.5,17.8,17.9,14050,19.4,17.6,18.5,-0.6,-3.24,0,0,1800
TRI,9/8/2008,17.4,17.9,17.4,17.9,7720,18.7,17.1,17.9,0,0,0,30,2000
TRI,9/9/2008,18,18.7,18,18.6,15890,18.7,17.1,17.9,0.7,3.91,0,0,0
TRI,9/10/2008,19,19,17.7,17.7,4870,19.5,17.7,18.6,-0.9,-4.84,0,2020,0
TRI,9/11/2008,17.1,17.3,16.9,16.9,10340,18.5,16.9,17.7,-0.8,-4.52,0,700,0
TRI,9/12/2008,16.1,16.8,16.1,16.8,7910,17.7,16.1,16.9,-0.1,-0.59,0,0,0
TRI,9/15/2008,16,16.5,16,16,27110,17.6,16,16.8,-0.8,-4.76,0,100,25410
TRI,9/16/2008,15.2,15.2,15.2,15.2,7820,16.8,15.2,16,-0.8,-5,0,60,7820
TRI,9/17/2008,14.5,14.5,14.5,14.5,5570,15.9,14.5,15.2,-0.7,-4.61,0,0,20
TRI,9/18/2008,13.8,15,13.8,15,23730,15.2,13.8,14.5,0.5,3.45,0,1500,0
TRI,9/19/2008,14.3,15.7,14.3,15.7,7860,15.7,14.3,15,0.7,4.67,0,400,60
TRI,9/22/2008,16.4,16.4,16.4,16.4,350,16.4,15,15.7,0.7,4.46,0,350,0
TRI,9/23/2008,17.2,17.2,16.5,17.2,45430,17.2,15.6,16.4,0.8,4.88,0,32460,0
TRI,9/24/2008,18,18,17.5,18,49390,18,16.4,17.2,0.8,4.65,0,27090,60
TRI,9/25/2008,17.1,18,17.1,18,6610,18.9,17.1,18,0,0,0,0,0
TRI,9/26/2008,18.9,18.9,18.5,18.7,47640,18.9,17.1,18,0.7,3.89,0,32890,0
TRI,9/29/2008,19,19,17.8,18,3790,19.6,17.8,18.7,-0.7,-3.74,0,1000,0
TRI,9/30/2008,0,17.1,17.1,17.1,10,18.9,17.1,18,-0.9,-5,0,0,0
TRI,10/1/2008,16.3,17.9,16.3,16.3,9080,17.9,16.3,17.1,-0.8,-4.68,0,0,0
TRI,10/2/2008,16.8,16.8,15.5,16.5,10010,17.1,15.5,16.3,0.2,1.23,0,250,0
TRI,10/3/2008,15.8,16.5,15.7,16.5,13100,17.3,15.7,16.5,0,0,0,0,0
TRI,10/6/2008,16.3,16.3,15.7,15.7,1800,17.3,15.7,16.5,-0.8,-4.85,0,1000,0
TRI,10/7/2008,15,15,15,15,26370,16.4,15,15.7,-0.7,-4.46,0,15300,20940
TRI,10/8/2008,15,15,14.3,15,7540,15.7,14.3,15,0,0,0,5000,0
TRI,10/9/2008,14.3,15.7,14.3,14.5,3800,15.7,14.3,15,-0.5,-3.33,0,10,0
TRI,10/10/2008,13.8,13.8,13.8,13.8,27800,15.2,13.8,14.5,-0.7,-4.83,0,0,27200
TRI,10/13/2008,13.2,13.2,13.2,13.2,24030,14.4,13.2,13.8,-0.6,-4.35,0,4300,23830
TRI,10/14/2008,13.8,13.8,13.8,13.8,104970,13.8,12.6,13.2,0.6,4.55,0,200,104970
TRI,10/15/2008,14.4,14.4,14,14.4,6940,14.4,13.2,13.8,0.6,4.35,0,0,0
TRI,10/16/2008,13.7,14.4,13.7,13.7,8460,15.1,13.7,14.4,-0.7,-4.86,0,1000,0
TRI,10/17/2008,13.8,14.3,13.8,14.3,13850,14.3,13.1,13.7,0.6,4.38,0,80,0
TRI,10/20/2008,14.3,14.3,13.6,13.6,8640,15,13.6,14.3,-0.7,-4.9,0,0,0
TRI,10/21/2008,14,14,13,13.2,22790,14.2,13,13.6,-0.4,-2.94,0,0,0
TRI,10/22/2008,13.2,13.2,12.6,12.7,11560,13.8,12.6,13.2,-0.5,-3.79,0,0,0
TRI,10/23/2008,12.1,12.1,12.1,12.1,2380,13.3,12.1,12.7,-0.6,-4.72,0,0,2380
TRI,10/24/2008,11.5,11.5,11.5,11.5,21240,12.7,11.5,12.1,-0.6,-4.96,0,0,20840
TRI,10/27/2008,11,11,11,11,5050,12,11,11.5,-0.5,-4.35,0,0,350
TRI,10/28/2008,10.5,10.5,10.5,10.5,9070,11.5,10.5,11,-0.5,-4.55,0,0,8910
TRI,10/29/2008,11,11,10,10.2,27720,11,10,10.5,-0.3,-2.86,0,0,1000
TRI,10/30/2008,10.3,10.7,10,10.7,17200,10.7,9.7,10.2,0.5,4.9,0,0,500
TRI,10/31/2008,10.7,11.2,10.7,11.2,7660,11.2,10.2,10.7,0.5,4.67,0,320,0
TRI,11/3/2008,10.7,11.7,10.7,11.3,6080,11.7,10.7,11.2,0.1,0.89,0,0,0
TRI,11/4/2008,11.3,11.5,11.3,11.4,19960,11.8,10.8,11.3,0.1,0.88,0,0,0
TRI,11/5/2008,11.9,11.9,11.8,11.9,27280,11.9,10.9,11.4,0.5,4.39,0,1800,0
TRI,11/6/2008,11.4,12,11.4,11.9,10780,12.4,11.4,11.9,0,0,0,0,0
TRI,11/7/2008,11.4,11.4,11.4,11.4,6500,12.4,11.4,11.9,-0.5,-4.2,0,0,0
TRI,11/10/2008,11.4,11.4,11,11.4,8630,11.9,10.9,11.4,0,0,0,0,0
TRI,11/11/2008,10.9,11.6,10.9,10.9,5670,11.9,10.9,11.4,-0.5,-4.39,0,0,2080
TRI,11/12/2008,10.4,10.4,10.4,10.4,35050,11.4,10.4,10.9,-0.5,-4.59,0,0,35050
TRI,11/13/2008,9.9,9.9,9.9,9.9,29210,10.9,9.9,10.4,-0.5,-4.81,0,0,29210
TRI,11/14/2008,10,10,9.5,9.5,171930,10.3,9.5,9.9,-0.4,-4.04,0,10,104680
TRI,11/17/2008,9.9,9.9,9.6,9.9,136890,9.9,9.1,9.5,0.4,4.21,0,0,0
TRI,11/18/2008,9.6,9.9,9.5,9.5,289970,10.3,9.5,9.9,-0.4,-4.04,0,10,224830
TRI,11/19/2008,9.8,9.8,9.4,9.5,75610,9.9,9.1,9.5,0,0,0,1000,67610
TRI,11/20/2008,9.2,9.3,9.1,9.1,67510,9.9,9.1,9.5,-0.4,-4.21,0,0,40940
TRI,11/21/2008,8.7,9.1,8.7,8.7,154130,9.5,8.7,9.1,-0.4,-4.4,0,9200,120300
TRI,11/24/2008,8.7,9,8.3,8.6,40060,9.1,8.3,8.7,-0.1,-1.15,0,0,0
TRI,11/25/2008,8.7,8.7,8.3,8.4,36150,9,8.2,8.6,-0.2,-2.33,0,0,16250
TRI,11/26/2008,8.3,8.3,8.1,8.1,16660,8.8,8,8.4,-0.3,-3.57,0,0,0
TRI,11/27/2008,8,8.2,7.9,8,32580,8.5,7.7,8.1,-0.1,-1.23,0,0,0
TRI,11/28/2008,8.4,8.4,8.2,8.4,24480,8.4,7.6,8,0.4,5,0,1000,0
TRI,12/1/2008,8.3,8.4,8,8,20960,8.8,8,8.4,-0.4,-4.76,0,0,0
TRI,12/2/2008,8,8.2,7.7,7.8,25080,8.4,7.6,8,-0.2,-2.5,0,0,0
TRI,12/3/2008,8,8,7.6,7.6,15070,8.1,7.5,7.8,-0.2,-2.56,0,0,0
TRI,12/4/2008,7.6,7.9,7.6,7.9,18950,7.9,7.3,7.6,0.3,3.95,0,0,0
TRI,12/5/2008,7.9,7.9,7.6,7.6,35430,8.2,7.6,7.9,-0.3,-3.8,0,110,0
TRI,12/8/2008,7.4,7.6,7.3,7.3,19420,7.9,7.3,7.6,-0.3,-3.95,0,0,0
TRI,12/9/2008,7.1,7.5,7,7,25420,7.6,7,7.3,-0.3,-4.11,0,0,0
TRI,12/10/2008,7,7,6.7,6.7,28450,7.3,6.7,7,-0.3,-4.29,0,0,0
TRI,12/11/2008,7,7,6.8,7,14480,7,6.4,6.7,0.3,4.48,0,0,0
TRI,12/12/2008,7.1,7.3,7.1,7.3,17910,7.3,6.7,7,0.3,4.29,0,9770,0
TRI,12/15/2008,7.6,7.6,7.5,7.6,37970,7.6,7,7.3,0.3,4.11,0,5000,0
TRI,12/16/2008,7.8,7.8,7.3,7.6,51280,7.9,7.3,7.6,0,0,0,27000,0
TRI,12/17/2008,7.6,7.9,7.5,7.7,37720,7.9,7.3,7.6,0.1,1.32,0,0,0
TRI,12/18/2008,7.8,7.9,7.7,7.8,20910,8,7.4,7.7,0.1,1.3,0,0,0
TRI,12/19/2008,7.8,8,7.7,8,19740,8.1,7.5,7.8,0.2,2.56,0,0,0
TRI,12/22/2008,8.2,8.2,7.6,7.7,28640,8.4,7.6,8,-0.3,-3.75,0,0,0
TRI,12/23/2008,7.5,7.8,7.4,7.5,24110,8,7.4,7.7,-0.2,-2.6,0,0,0
TRI,12/24/2008,7.7,7.7,7.5,7.5,5020,7.8,7.2,7.5,0,0,0,0,0
TRI,12/25/2008,7.7,7.7,7.4,7.4,4540,7.8,7.2,7.5,-0.1,-1.33,0,0,0
TRI,12/26/2008,7.4,7.7,7.4,7.7,9480,7.7,7.1,7.4,0.3,4.05,0,0,1000
TRI,12/29/2008,7.7,7.7,7.5,7.6,13170,8,7.4,7.7,-0.1,-1.3,0,0,0
TRI,12/30/2008,7.7,7.8,7.7,7.7,14460,7.9,7.3,7.6,0.1,1.32,0,0,0
TRI,12/31/2008,7.8,7.9,7.7,7.7,15940,8,7.4,7.7,0,0,0,0,0
