<Ticker>,<DTYYYYMMDD>,<Open>,<High>,<Low>,<Close>,<Volume>
TS4,07/01/2011,13.0,13.2,12.7,12.9,48430
TS4,06/30/2011,13.3,13.5,13.1,13.1,70910
TS4,06/29/2011,13.3,13.6,13.2,13.3,62990
TS4,06/28/2011,13.5,13.8,13.3,13.3,60820
TS4,06/27/2011,13.8,13.9,13.5,13.7,81510
TS4,06/24/2011,13.7,13.9,13.5,13.7,50040
TS4,06/23/2011,14.0,14.0,13.3,13.5,96830
TS4,06/22/2011,14.3,14.3,13.8,13.8,59100
TS4,06/21/2011,13.5,13.9,13.3,13.9,123490
TS4,06/20/2011,13.5,14.2,13.3,13.3,191040
TS4,06/17/2011,15.0,15.0,13.9,13.9,534510
TS4,06/16/2011,14.5,15.2,14.1,14.6,192060
TS4,06/15/2011,15.0,15.0,14.5,14.5,382430
TS4,06/14/2011,16.1,16.6,15.2,15.2,269980
TS4,06/13/2011,15.9,16.1,15.6,16.0,262280
TS4,06/10/2011,15.3,15.4,15.3,15.4,296390
TS4,06/09/2011,14.5,15.4,14.2,14.7,521020
TS4,06/08/2011,15.6,15.6,14.7,14.7,477830
TS4,06/07/2011,14.8,14.9,14.8,14.9,45820
TS4,06/06/2011,13.5,14.2,13.2,14.2,172120
TS4,06/03/2011,13.9,13.9,13.4,13.6,647570
TS4,06/02/2011,13.3,13.3,13.3,13.3,19230
TS4,06/01/2011,12.0,12.7,12.0,12.7,67000
TS4,05/31/2011,12.7,12.7,12.1,12.1,80240
TS4,05/30/2011,13.3,13.3,12.7,12.7,84240
TS4,05/27/2011,13.1,13.3,12.7,13.3,139210
TS4,05/26/2011,11.5,12.7,11.5,12.7,195910
TS4,05/25/2011,12.1,12.5,12.1,12.1,147050
TS4,05/24/2011,12.9,12.9,12.7,12.7,181050
TS4,05/23/2011,14.2,14.2,13.3,13.3,109970
TS4,05/20/2011,14.4,14.4,13.6,13.9,81070
TS4,05/19/2011,15.5,15.5,14.3,14.3,93750
TS4,05/18/2011,15.9,15.9,14.9,15.0,70040
TS4,05/17/2011,15.8,15.8,15.4,15.4,59650
TS4,05/16/2011,16.2,16.6,15.8,15.8,94760
TS4,05/13/2011,16.3,16.4,15.9,16.2,58290
TS4,05/12/2011,15.9,16.3,15.9,16.2,17850
TS4,05/11/2011,16.0,16.2,16.0,16.2,15980
TS4,05/10/2011,16.7,16.7,16.0,16.2,22840
TS4,05/09/2011,16.2,16.5,16.0,16.5,95380
TS4,05/06/2011,15.8,15.9,15.6,15.9,40600
TS4,05/05/2011,15.8,16.0,15.6,15.7,44230
TS4,05/04/2011,15.8,16.4,15.8,15.9,37510
TS4,04/29/2011,16.1,16.2,15.8,16.0,88130
TS4,04/28/2011,15.9,16.4,15.6,15.6,149250
TS4,04/27/2011,16.0,16.2,15.5,15.7,110610
TS4,04/26/2011,16.5,16.5,15.7,15.8,86310
TS4,04/25/2011,16.3,16.5,16.2,16.4,89760
TS4,04/22/2011,15.9,16.2,15.8,15.8,65110
TS4,04/21/2011,16.4,16.7,16.2,16.2,63770
TS4,04/20/2011,16.7,16.7,16.3,16.4,96080
TS4,04/19/2011,16.3,17.1,16.0,16.3,104950
TS4,04/18/2011,17.0,17.0,16.3,16.3,124090
TS4,04/15/2011,17.5,17.5,17.0,17.0,111650
TS4,04/14/2011,17.5,17.9,17.1,17.4,103580
TS4,04/13/2011,17.8,18.2,17.6,17.6,76640
TS4,04/08/2011,18.5,18.8,18.2,18.2,140080
TS4,04/07/2011,18.9,19.8,18.3,19.1,228570
TS4,04/06/2011,18.0,18.9,17.9,18.9,349870
TS4,04/05/2011,17.3,18.1,17.2,18.0,341470
TS4,04/04/2011,17.3,17.5,17.2,17.3,104010
TS4,04/01/2011,17.5,17.6,17.4,17.4,71720
TS4,03/31/2011,17.7,18.0,17.5,17.5,55780
TS4,03/30/2011,17.4,18.1,17.2,17.7,145310
TS4,03/29/2011,17.4,17.7,17.1,17.7,195850
TS4,03/28/2011,17.7,17.7,17.1,17.4,61550
TS4,03/25/2011,17.5,17.5,17.0,17.5,143570
TS4,03/24/2011,17.8,17.8,17.2,17.2,73550
TS4,03/23/2011,17.2,17.5,17.0,17.3,46830
TS4,03/22/2011,18.3,18.3,17.2,17.2,104920
TS4,03/21/2011,18.3,18.5,17.9,18.0,166750
TS4,03/18/2011,17.2,18.0,17.0,18.0,141890
TS4,03/17/2011,17.5,17.7,16.9,17.2,101470
TS4,03/16/2011,17.3,17.5,16.6,17.2,60490
TS4,03/15/2011,16.1,17.6,16.1,17.2,144900
TS4,03/14/2011,18.2,18.2,16.8,16.8,243460
TS4,03/11/2011,17.6,17.6,17.6,17.6,75310
TS4,03/10/2011,15.9,16.8,15.9,16.8,113180
TS4,03/09/2011,16.7,16.7,15.8,16.0,122080
TS4,03/08/2011,17.0,17.2,16.6,16.6,130120
TS4,03/07/2011,17.0,17.0,16.4,16.4,51220
TS4,03/04/2011,16.5,16.6,16.1,16.6,172600
TS4,03/03/2011,16.2,16.5,15.8,15.8,133500
TS4,03/02/2011,16.8,17.1,16.5,16.5,124640
TS4,03/01/2011,17.6,17.6,16.8,17.4,114520
TS4,02/28/2011,17.6,17.6,17.1,17.6,499260
TS4,02/25/2011,16.0,16.8,16.0,16.8,70610
TS4,02/24/2011,15.9,16.5,15.5,16.0,90950
TS4,02/23/2011,16.6,16.7,15.9,16.3,136080
TS4,02/22/2011,16.3,16.9,16.2,16.2,186010
TS4,02/21/2011,17.3,17.3,17.3,17.0,68320
TS4,02/18/2011,18.6,19.0,17.9,17.9,165120
TS4,02/17/2011,19.4,19.7,18.7,18.8,99960
TS4,02/16/2011,19.8,19.8,19.6,19.6,55710
TS4,02/15/2011,20.3,20.3,19.7,19.7,30190
TS4,02/14/2011,19.9,20.7,19.8,20.2,106570
TS4,02/11/2011,19.4,19.9,19.2,19.8,52350
TS4,02/10/2011,20.1,20.1,19.3,19.4,33950
TS4,02/09/2011,20.1,20.1,19.6,19.7,68550
TS4,02/08/2011,20.2,20.2,19.6,19.7,14450
TS4,01/28/2011,19.9,20.1,19.5,19.8,73420
TS4,01/27/2011,19.4,19.7,19.4,19.4,85330
TS4,01/26/2011,19.5,19.8,19.1,19.4,53850
TS4,01/25/2011,19.1,19.9,19.1,19.5,33760
TS4,01/24/2011,20.4,20.4,19.5,19.5,99450
TS4,01/21/2011,19.9,20.6,19.9,20.4,83300
TS4,01/20/2011,20.5,21.0,19.9,19.9,62110
TS4,01/19/2011,19.6,20.6,19.1,20.5,190130
TS4,01/18/2011,20.4,20.8,19.9,20.0,95370
TS4,01/17/2011,20.2,21.5,20.2,20.4,60910
TS4,01/14/2011,20.2,21.1,20.2,20.9,134350
TS4,01/13/2011,18.8,20.1,18.8,20.1,228670
TS4,01/12/2011,19.5,19.8,18.6,19.1,69210
TS4,01/11/2011,19.4,19.5,19.0,19.0,202480
TS4,01/10/2011,20.6,20.6,20.0,20.0,150730
TS4,01/07/2011,21.1,21.6,21.1,21.1,34010
TS4,01/06/2011,20.7,21.1,20.6,21.1,49560
TS4,01/05/2011,22.2,22.2,21.1,21.1,130850
TS4,01/04/2011,21.6,21.6,21.1,21.3,46630
TS4,12/31/2010,21.6,21.6,20.8,21.2,105550
TS4,12/30/2010,21.6,22.0,21.1,21.4,89760
TS4,12/29/2010,23.1,23.1,21.8,21.8,277750
TS4,12/28/2010,22.3,23.3,22.3,22.9,191270
TS4,12/27/2010,22.0,22.6,21.1,22.3,233550
TS4,12/24/2010,21.6,22.1,20.8,21.5,107950
TS4,12/23/2010,21.1,21.5,20.5,21.5,459150
TS4,12/22/2010,21.1,22.2,20.5,20.5,210050
TS4,12/21/2010,21.5,23.1,21.0,21.6,471620
TS4,12/20/2010,23.3,24.0,22.1,22.1,103810
TS4,12/17/2010,22.7,23.3,21.8,23.3,345660
TS4,12/16/2010,23.0,23.6,22.7,22.7,488260
TS4,12/15/2010,24.5,24.9,23.4,23.9,425930
TS4,12/14/2010,25.1,26.0,23.6,23.9,367790
TS4,12/13/2010,24.8,24.8,24.8,24.8,56910
TS4,12/10/2010,23.1,23.6,22.2,23.6,459430
TS4,12/09/2010,21.5,23.6,21.4,22.5,558960
TS4,12/08/2010,22.7,23.7,22.5,22.5,470220
TS4,12/07/2010,23.7,24.9,23.5,23.7,604170
TS4,12/06/2010,23.3,23.7,22.6,23.7,250020
TS4,12/03/2010,22.6,22.6,22.1,22.6,418990
TS4,12/02/2010,21.5,21.5,19.6,21.5,629080
TS4,12/01/2010,20.5,20.5,20.1,20.5,373480
TS4,11/30/2010,19.5,19.5,19.5,19.5,21090
TS4,11/29/2010,18.6,18.6,17.8,18.6,204240
TS4,11/26/2010,17.7,17.7,17.7,17.7,301200
TS4,11/25/2010,16.9,16.9,16.9,16.9,87460
TS4,11/24/2010,15.3,16.1,15.1,16.1,187220
TS4,11/23/2010,14.6,15.3,14.6,15.3,64670
TS4,11/22/2010,14.4,14.9,14.4,14.6,122360
TS4,11/19/2010,15.1,15.6,15.1,15.1,51260
TS4,11/18/2010,15.2,15.5,15.2,15.5,82300
TS4,11/17/2010,14.3,15.2,14.3,14.8,41430
TS4,11/16/2010,15.1,15.3,14.7,14.7,112320
TS4,11/15/2010,15.7,16.3,15.3,15.5,42270
TS4,11/12/2010,16.0,16.2,15.9,15.9,233270
TS4,11/11/2010,17.5,17.5,16.7,16.7,86970
TS4,11/10/2010,18.1,18.3,17.6,17.6,122010
TS4,11/09/2010,19.1,19.1,18.3,18.3,64430
TS4,11/08/2010,19.6,19.6,18.9,19.1,54570
TS4,11/05/2010,19.8,19.9,19.4,19.6,53510
TS4,11/04/2010,18.9,19.3,18.7,19.0,70590
TS4,11/03/2010,19.2,19.2,18.6,18.6,62910
TS4,11/02/2010,19.8,19.8,19.1,19.1,50310
TS4,11/01/2010,20.1,20.1,19.8,19.8,23170
TS4,10/29/2010,19.6,20.5,19.6,20.1,41660
TS4,10/28/2010,19.6,20.3,19.6,19.9,23460
TS4,10/27/2010,21.1,21.1,20.2,20.3,60340
TS4,10/26/2010,20.1,20.8,20.1,20.8,117460
TS4,10/25/2010,19.7,19.9,19.0,19.8,89710
TS4,10/22/2010,20.1,20.4,19.4,19.4,81700
TS4,10/21/2010,21.7,21.7,20.1,20.1,85580
TS4,10/20/2010,21.1,21.2,20.8,20.8,159200
TS4,10/19/2010,23.4,23.4,21.9,21.9,107270
TS4,10/18/2010,23.5,23.6,23.1,23.1,76040
TS4,10/15/2010,24.0,24.0,23.4,23.4,61290
TS4,10/14/2010,24.1,24.3,23.7,23.7,29150
TS4,10/13/2010,23.4,24.1,23.4,24.0,33310
TS4,10/12/2010,23.7,24.8,23.3,23.8,92440
TS4,10/11/2010,25.1,25.1,24.1,24.2,70920
TS4,10/08/2010,25.1,25.3,24.6,24.7,31880
TS4,10/07/2010,25.4,26.3,25.1,25.1,104470
TS4,10/06/2010,25.8,25.9,25.1,25.4,63510
TS4,10/05/2010,23.6,25.1,23.6,25.1,116390
TS4,10/04/2010,25.3,25.3,24.4,24.4,155100
TS4,10/01/2010,26.2,26.6,25.7,25.7,61280
TS4,09/30/2010,26.2,26.2,25.5,25.9,71980
TS4,09/29/2010,27.3,27.3,26.1,26.1,115580
TS4,09/28/2010,27.6,27.7,27.1,27.2,103500
TS4,09/27/2010,26.8,27.1,26.7,26.7,65700
TS4,09/24/2010,27.3,27.3,26.6,26.9,59560
TS4,09/23/2010,26.9,27.4,25.9,26.7,280640
TS4,09/22/2010,27.5,28.0,27.1,27.3,96390
TS4,09/21/2010,27.7,28.7,27.7,27.7,152130
TS4,09/20/2010,28.7,28.7,28.3,28.7,297850
TS4,09/17/2010,27.1,27.3,26.4,27.3,214970
TS4,09/16/2010,26.3,26.3,25.5,26.0,61920
TS4,09/15/2010,26.8,26.8,25.6,25.8,90390
TS4,09/14/2010,26.3,26.7,25.5,26.7,144730
TS4,09/13/2010,26.3,26.7,26.3,26.3,284420
TS4,09/10/2010,28.3,29.7,27.7,27.7,188670
TS4,09/09/2010,28.9,29.4,28.1,29.2,215190
TS4,09/08/2010,27.7,28.6,27.5,28.1,191570
TS4,09/07/2010,27.5,28.9,27.0,28.9,490560
TS4,09/06/2010,27.5,27.5,27.5,27.5,133270
TS4,09/01/2010,26.2,26.2,25.7,26.2,371020
TS4,08/31/2010,24.4,25.0,24.1,25.0,231870
TS4,08/30/2010,23.8,23.8,23.8,23.8,39930
TS4,08/27/2010,22.8,23.8,22.7,22.7,135010
TS4,08/26/2010,24.6,25.6,23.7,23.9,193520
TS4,08/25/2010,25.1,25.2,24.9,24.9,100400
TS4,08/24/2010,26.3,26.4,26.2,26.2,81200
TS4,08/23/2010,28.2,28.2,27.6,27.6,113390
TS4,08/20/2010,27.6,29.1,26.4,29.1,181560
TS4,08/19/2010,28.7,29.3,27.7,27.8,141710
TS4,08/18/2010,30.1,30.1,28.7,28.7,267390
TS4,08/17/2010,30.8,31.3,30.2,30.2,93750
TS4,08/16/2010,30.9,31.7,30.1,31.4,276380
TS4,08/13/2010,29.4,30.8,29.4,30.3,254570
TS4,08/12/2010,31.4,31.4,30.8,30.8,125950
TS4,08/11/2010,34.1,34.1,31.8,32.4,227790
TS4,08/10/2010,34.7,34.7,33.3,33.3,182170
TS4,08/09/2010,35.2,35.5,34.7,35.1,197460
TS4,08/06/2010,35.0,35.9,34.3,35.3,259400
TS4,08/05/2010,35.2,35.9,34.6,34.9,70840
TS4,08/04/2010,34.5,36.2,34.0,35.2,337500
TS4,08/03/2010,34.4,35.2,34.1,34.5,91810
TS4,08/02/2010,35.2,35.6,34.4,34.4,49130
TS4,07/30/2010,34.9,35.8,34.6,35.2,112660
TS4,07/29/2010,34.1,35.1,34.1,34.6,104860
TS4,07/28/2010,35.5,35.5,34.1,34.1,107070
TS4,07/27/2010,36.3,37.1,35.5,35.5,101020
TS4,07/26/2010,36.9,37.1,36.3,36.3,94410
TS4,07/23/2010,37.8,37.8,36.8,36.8,120100
TS4,07/22/2010,37.4,37.5,37.0,37.0,111310
TS4,07/21/2010,38.1,38.1,37.4,37.4,119330
TS4,07/20/2010,39.0,39.0,38.0,38.0,163470
TS4,07/19/2010,39.0,39.1,38.4,38.8,295060
TS4,07/16/2010,38.1,38.1,37.6,37.6,127130
TS4,07/15/2010,38.3,38.8,37.8,38.1,44130
TS4,07/14/2010,40.0,40.1,38.7,38.7,98670
TS4,07/13/2010,38.1,39.0,37.6,39.0,151100
TS4,07/12/2010,36.8,37.4,36.7,37.1,61120
TS4,07/09/2010,36.6,37.5,36.6,37.0,94560
TS4,07/08/2010,38.1,38.1,37.1,37.1,122210
TS4,07/07/2010,38.0,38.0,37.1,37.1,99370
TS4,07/06/2010,37.7,38.1,37.4,37.4,122840
TS4,07/05/2010,37.8,38.1,37.3,38.1,184650
TS4,07/02/2010,38.1,38.1,37.3,37.8,82830
TS4,07/01/2010,37.8,38.1,37.2,37.6,122910
TS4,06/30/2010,38.6,38.7,38.0,38.0,165930
TS4,06/29/2010,39.7,41.1,39.6,39.6,161900
TS4,06/28/2010,39.6,40.6,39.6,39.7,97840
TS4,06/25/2010,40.1,40.6,39.2,39.6,312230
TS4,06/24/2010,41.4,42.1,40.9,40.9,171300
TS4,06/23/2010,40.4,41.4,40.4,40.5,186390
TS4,06/22/2010,42.1,42.1,40.3,40.4,220440
TS4,06/21/2010,42.1,43.0,41.6,42.1,320600
TS4,06/18/2010,41.6,42.6,40.7,41.0,317430
TS4,06/17/2010,43.0,43.0,41.4,42.0,181800
TS4,06/16/2010,43.4,43.5,41.6,43.0,504520
TS4,06/15/2010,39.4,41.4,39.2,41.4,631880
TS4,06/14/2010,38.2,39.5,38.2,39.4,448240
TS4,06/11/2010,37.5,38.2,37.5,37.6,138740
TS4,06/10/2010,37.2,37.9,37.0,37.5,139560
TS4,06/09/2010,38.6,38.6,37.1,37.2,319480
TS4,06/08/2010,36.8,37.9,36.6,37.8,239860
TS4,06/07/2010,37.8,38.2,37.8,37.8,298370
TS4,06/04/2010,40.0,41.1,39.3,39.7,521200
TS4,06/03/2010,37.6,39.4,37.6,39.4,218800
TS4,06/02/2010,36.6,38.6,36.3,37.6,203120
TS4,06/01/2010,36.6,37.6,36.2,37.5,187470
TS4,05/31/2010,38.6,38.6,37.0,37.0,155010
TS4,05/28/2010,38.8,39.0,37.8,38.6,378150
TS4,05/27/2010,36.6,38.2,36.2,37.2,172030
TS4,05/26/2010,36.3,36.7,35.4,36.7,310550
TS4,05/25/2010,33.8,35.0,32.9,35.0,344190
TS4,05/24/2010,34.8,35.0,33.1,33.4,260460
TS4,05/21/2010,34.8,34.9,34.8,34.8,274660
TS4,05/20/2010,34.8,36.6,34.8,36.6,282260
TS4,05/19/2010,36.8,37.0,36.5,36.5,296610
TS4,05/18/2010,38.6,38.9,38.3,38.3,395680
TS4,05/17/2010,39.3,40.6,38.7,40.2,313080
TS4,05/14/2010,39.9,39.9,37.2,38.7,375100
TS4,05/13/2010,38.6,40.3,38.6,38.6,478240
TS4,05/12/2010,40.6,40.9,40.6,40.6,318710
TS4,05/11/2010,45.6,45.6,42.7,42.7,407800
TS4,05/10/2010,45.9,47.6,44.8,44.8,227300
TS4,05/07/2010,44.2,48.0,44.2,47.1,386330
TS4,05/06/2010,47.9,47.9,46.1,46.1,359340
TS4,05/05/2010,48.1,49.5,47.1,47.1,217010
TS4,05/04/2010,49.5,49.5,47.6,49.5,390440
TS4,04/29/2010,51.4,51.4,49.0,49.0,565350
TS4,04/28/2010,47.2,49.0,47.1,49.0,809580
TS4,04/27/2010,48.1,48.1,46.2,47.1,257210
TS4,04/26/2010,49.1,49.5,48.0,48.0,360750
TS4,04/22/2010,53.9,53.9,50.5,50.5,527770
TS4,04/21/2010,53.8,55.7,51.9,52.9,751410
TS4,04/20/2010,54.7,55.7,53.8,54.3,316880
TS4,04/19/2010,51.9,53.3,49.0,53.3,323220
TS4,04/16/2010,50.4,50.9,48.5,50.9,434860
TS4,04/15/2010,47.1,49.0,47.1,48.5,748680
TS4,04/14/2010,48.1,48.1,46.5,47.1,434890
TS4,04/13/2010,48.0,49.1,46.9,48.1,667650
TS4,04/12/2010,48.0,48.0,46.2,48.0,437770
TS4,04/09/2010,44.8,45.8,44.0,45.8,595770
TS4,04/08/2010,43.7,44.5,43.5,43.7,552550
TS4,04/07/2010,43.8,44.8,42.4,43.7,400090
TS4,04/06/2010,43.7,44.3,40.5,43.8,516080
TS4,04/05/2010,42.2,42.5,40.5,42.4,434650
TS4,04/02/2010,38.8,40.7,38.6,40.5,450500
TS4,04/01/2010,37.2,38.9,35.7,38.8,356090
TS4,03/31/2010,37.4,39.1,37.2,37.2,433260
TS4,03/30/2010,39.6,40.5,39.1,39.1,218170
TS4,03/29/2010,38.7,41.1,38.7,41.1,367370
TS4,03/26/2010,40.9,41.1,38.9,39.2,335340
TS4,03/25/2010,40.9,40.9,39.0,40.9,1056140
TS4,03/24/2010,39.0,39.0,39.0,39.0,123970
TS4,03/23/2010,36.7,37.2,36.2,37.2,212970
TS4,03/22/2010,36.7,37.2,36.2,36.7,144810
TS4,03/19/2010,35.0,36.7,35.0,36.7,559970
TS4,03/18/2010,34.5,35.0,33.4,35.0,135700
TS4,03/17/2010,34.9,35.6,33.4,33.4,179900
TS4,03/16/2010,36.8,37.0,34.5,34.9,234120
TS4,03/15/2010,35.2,36.2,34.5,36.0,273350
TS4,03/12/2010,35.5,35.5,33.8,34.6,35790
TS4,03/11/2010,32.9,34.5,32.9,34.5,223520
TS4,03/10/2010,32.4,33.5,32.4,32.9,90420
TS4,03/09/2010,33.2,33.2,32.5,33.2,137920
TS4,03/08/2010,32.1,33.9,32.1,32.9,99880
TS4,03/05/2010,31.4,32.4,31.4,32.4,66440
TS4,03/04/2010,32.4,32.5,31.4,31.4,91480
TS4,03/03/2010,31.8,31.9,31.5,31.0,248230
TS4,03/02/2010,29.0,30.7,29.0,30.4,185420
TS4,03/01/2010,31.7,31.8,30.4,30.4,86940
TS4,02/26/2010,29.9,31.4,29.9,31.4,186550
TS4,02/25/2010,29.4,29.9,29.3,29.9,266700
TS4,02/24/2010,27.0,28.5,27.0,28.5,34980
TS4,02/23/2010,27.9,27.9,27.2,27.4,76190
TS4,02/22/2010,29.4,29.4,27.6,28.6,103210
TS4,02/12/2010,27.6,28.5,27.5,28.5,67730
TS4,02/11/2010,27.1,27.4,26.8,27.2,17360
TS4,02/10/2010,27.5,26.7,26.7,27.1,22230
TS4,02/09/2010,27.7,27.7,26.6,26.7,110970
TS4,02/08/2010,27.7,28.5,27.6,28.0,21240
TS4,02/05/2010,28.6,29.0,28.2,28.5,43270
TS4,02/04/2010,29.0,30.0,29.0,29.2,50250
TS4,02/03/2010,29.4,29.5,28.9,29.0,34770
TS4,02/02/2010,30.2,30.2,29.1,29.2,58620
TS4,02/01/2010,28.5,29.0,28.5,29.0,217220
TS4,01/29/2010,27.8,28.1,27.1,27.6,29500
TS4,01/28/2010,27.7,28.5,27.7,27.7,46730
TS4,01/27/2010,30.0,31.0,28.8,28.8,109690
TS4,01/26/2010,29.9,30.3,29.9,30.3,187140
TS4,01/25/2010,28.0,29.3,27.7,28.9,68710
TS4,01/22/2010,28.5,28.9,28.0,28.0,163540
TS4,01/21/2010,29.5,30.2,29.5,29.5,297290
TS4,01/20/2010,33.1,33.1,31.1,31.1,176160
TS4,01/19/2010,32.0,32.6,31.3,32.1,55120
TS4,01/18/2010,33.7,33.7,32.1,32.1,105950
TS4,01/15/2010,34.9,35.3,33.3,33.7,142540
TS4,01/14/2010,33.8,35.8,33.8,34.9,177580
TS4,01/13/2010,33.2,34.5,32.7,34.5,196960
TS4,01/12/2010,36.0,36.7,34.3,34.3,135500
TS4,01/11/2010,37.9,38.0,36.0,36.0,252640
TS4,01/08/2010,41.8,41.8,37.9,37.9,200600
TS4,01/07/2010,39.9,39.9,38.8,39.9,182550
TS4,01/06/2010,35.1,38.0,35.1,38.0,240060
TS4,01/05/2010,37.4,37.4,34.1,36.2,190750
TS4,01/04/2010,35.7,35.7,35.4,35.7,98840
TS4,12/31/2009,36.6,37.1,34.1,34.1,258200
TS4,12/30/2009,35.9,37.9,34.6,35.4,322620
TS4,12/29/2009,33.7,36.3,33.7,36.3,240390
TS4,12/28/2009,33.3,34.6,33.0,34.6,123640
TS4,12/25/2009,33.0,33.0,33.0,33.0,13790
TS4,12/24/2009,31.4,31.4,31.1,31.4,167750
TS4,12/23/2009,27.6,29.9,27.6,29.9,251230
TS4,12/22/2009,27.7,28.8,27.2,28.5,164600
TS4,12/21/2009,27.6,27.7,26.0,27.7,68500
TS4,12/18/2009,25.1,26.4,25.1,26.4,115200
TS4,12/17/2009,25.2,25.9,25.2,25.2,114070
TS4,12/16/2009,26.5,26.6,26.5,26.5,35620
TS4,12/15/2009,28.6,28.6,27.9,27.9,155330
TS4,12/14/2009,28.6,30.0,27.4,29.4,146510
TS4,12/11/2009,28.6,29.3,28.6,28.6,175830
TS4,12/10/2009,32.0,32.0,30.1,30.1,79350
TS4,12/09/2009,31.7,32.0,31.7,31.7,85110
TS4,12/08/2009,34.0,34.0,32.2,33.3,67660
TS4,12/07/2009,33.3,33.5,32.0,33.3,106160
TS4,12/04/2009,32.3,33.1,31.1,33.0,100630
TS4,12/03/2009,32.6,33.9,32.0,32.0,170860
TS4,12/02/2009,34.5,35.3,33.6,33.6,104570
TS4,12/01/2009,34.7,35.3,33.7,35.3,135020
TS4,11/30/2009,34.4,34.6,32.9,33.7,78610
TS4,11/27/2009,31.3,34.5,31.3,33.3,190190
TS4,11/26/2009,32.9,33.3,32.9,32.9,117250
TS4,11/25/2009,36.3,36.3,34.5,34.5,270990
TS4,11/24/2009,38.0,38.4,36.2,36.3,246940
TS4,11/23/2009,40.1,40.1,38.1,38.1,123640
TS4,11/20/2009,41.5,42.2,40.1,40.1,159410
TS4,11/19/2009,42.3,42.5,41.5,42.2,139280
TS4,11/18/2009,40.6,41.5,40.1,41.5,248850
TS4,11/17/2009,42.0,42.3,41.1,41.6,83080
TS4,11/16/2009,41.9,42.1,40.6,42.0,127930
TS4,11/13/2009,37.4,40.3,37.4,40.3,198900
TS4,11/12/2009,38.0,38.4,37.6,38.4,132440
TS4,11/11/2009,34.9,36.6,34.6,36.6,133420
TS4,11/10/2009,35.9,36.3,34.8,34.9,153580
TS4,11/09/2009,37.1,38.1,36.6,36.6,68920
TS4,11/06/2009,38.5,41.1,38.5,38.5,131470
TS4,11/05/2009,39.4,39.8,38.1,39.8,99480
TS4,11/04/2009,38.0,40.7,37.9,38.0,153150
TS4,11/03/2009,40.4,41.1,39.9,39.9,81040
TS4,11/02/2009,42.0,42.0,42.0,42.0,52330
TS4,10/30/2009,44.6,45.0,43.3,44.2,115000
TS4,10/29/2009,45.1,45.5,43.2,43.3,165840
TS4,10/28/2009,44.2,45.5,44.2,45.5,162150
TS4,10/27/2009,43.3,44.6,42.1,43.3,240690
TS4,10/26/2009,46.0,46.8,44.2,44.2,171190
TS4,10/23/2009,49.9,49.9,46.4,46.4,188680
TS4,10/22/2009,45.1,48.6,45.1,48.6,315380
TS4,10/21/2009,46.4,47.3,46.0,46.4,251330
TS4,10/20/2009,48.6,49.0,47.3,47.7,261770
TS4,10/19/2009,48.2,50.3,48.2,48.6,199110
TS4,10/16/2009,48.2,51.7,48.2,49.9,321700
TS4,10/15/2009,51.7,51.7,48.6,49.5,407790
TS4,10/14/2009,51.3,53.9,49.5,49.5,400020
TS4,10/13/2009,49.5,51.7,49.5,51.7,382430
TS4,10/12/2009,49.0,49.5,46.9,49.5,309580
TS4,10/09/2009,47.3,47.3,46.8,47.3,452230
TS4,10/08/2009,44.6,45.1,42.5,45.1,389170
TS4,10/07/2009,43.0,43.0,43.0,43.0,45300
TS4,10/06/2009,41.0,41.0,41.0,41.0,38000
TS4,10/05/2009,39.1,39.1,39.1,39.1,27820
TS4,10/02/2009,34.3,37.3,34.3,37.3,433260
TS4,10/01/2009,36.4,36.4,35.5,35.6,494100
TS4,09/30/2009,38.2,38.2,36.4,37.3,794580
TS4,09/29/2009,36.4,36.4,36.4,36.4,144320
TS4,09/28/2009,34.8,34.8,34.8,34.7,160400
TS4,09/25/2009,33.1,33.1,33.1,33.1,192900
TS4,09/24/2009,31.5,31.5,31.5,31.5,47600
TS4,09/23/2009,30.0,30.0,30.0,30.0,3580
TS4,09/22/2009,29.6,30.0,28.6,28.6,154390
TS4,09/21/2009,30.3,30.3,29.8,29.9,290180
TS4,09/18/2009,29.6,31.0,29.6,31.0,137670
TS4,09/17/2009,30.3,30.4,28.9,30.4,119690
TS4,09/16/2009,31.0,31.0,30.1,30.4,104190
TS4,09/15/2009,31.0,31.5,30.0,31.0,161560
TS4,09/14/2009,31.0,31.0,30.7,31.0,342320
TS4,09/11/2009,28.5,29.5,28.1,29.5,224070
TS4,09/10/2009,27.8,28.5,27.7,28.1,71210
TS4,09/09/2009,29.1,29.1,28.1,28.3,108910
TS4,09/08/2009,29.3,29.3,28.7,29.0,35150
TS4,09/07/2009,28.3,29.5,27.6,28.7,130220
TS4,09/04/2009,29.8,29.8,28.4,28.7,426710
TS4,09/03/2009,28.2,29.2,28.2,28.6,249360
TS4,09/01/2009,29.1,30.5,29.1,29.6,315010
TS4,08/31/2009,30.8,30.8,29.2,30.5,297770
TS4,08/28/2009,29.6,29.6,29.5,29.6,280360
TS4,08/27/2009,28.2,28.2,27.8,28.2,231400
TS4,08/26/2009,26.6,27.4,26.1,26.9,390310
TS4,08/25/2009,24.4,26.5,24.4,26.4,575560
TS4,08/24/2009,25.3,25.3,25.3,25.3,58380
TS4,08/21/2009,24.2,24.2,24.1,24.2,261010
TS4,08/20/2009,23.3,23.3,23.1,23.1,46530
TS4,08/19/2009,23.0,23.0,22.7,23.0,41020
TS4,08/18/2009,22.6,22.7,22.0,22.0,61630
TS4,08/17/2009,22.7,22.9,22.7,22.9,44200
TS4,08/14/2009,22.5,23.0,22.5,23.0,67680
TS4,08/13/2009,22.8,23.6,22.8,23.0,99130
TS4,08/12/2009,23.1,23.4,22.8,23.1,78640
TS4,08/11/2009,22.7,23.7,22.7,23.1,104900
TS4,08/10/2009,23.9,24.0,23.4,23.5,85200
TS4,08/07/2009,22.7,23.9,21.9,23.9,160830
TS4,08/06/2009,23.6,23.8,22.9,22.9,140130
TS4,08/05/2009,23.2,24.0,23.1,23.8,118780
TS4,08/04/2009,23.1,23.1,22.8,23.2,161020
TS4,08/03/2009,21.1,22.2,21.1,22.1,117440
TS4,07/31/2009,20.4,21.1,20.1,21.1,173880
TS4,07/30/2009,18.8,20.1,18.7,20.1,60960
TS4,07/29/2009,20.6,21.0,19.5,19.5,83080
TS4,07/28/2009,20.1,20.5,19.7,20.5,190130
TS4,07/27/2009,20.3,20.3,19.4,20.1,198420
TS4,07/24/2009,19.4,19.4,19.4,19.4,13810
TS4,07/23/2009,17.9,18.5,17.7,18.5,65010
TS4,07/22/2009,18.4,18.4,18.1,18.2,82170
TS4,07/21/2009,18.6,19.0,18.1,18.1,113670
TS4,07/20/2009,19.3,19.3,19.0,19.0,48820
TS4,07/17/2009,19.6,20.5,19.6,20.0,75810
TS4,07/16/2009,20.9,20.9,19.2,20.2,182990
TS4,07/15/2009,20.2,21.4,19.8,20.2,112650
TS4,07/14/2009,20.6,21.1,20.6,20.6,139900
TS4,07/13/2009,22.4,22.4,21.7,21.7,77300
TS4,07/10/2009,23.5,23.5,22.1,22.8,61800
TS4,07/09/2009,24.5,24.5,23.2,23.2,90260
TS4,07/08/2009,23.6,24.7,22.8,24.3,78480
TS4,07/07/2009,23.9,23.9,23.6,23.6,285910
TS4,07/06/2009,22.8,22.8,22.8,22.8,13600
TS4,07/03/2009,20.7,21.7,20.4,21.7,46020
TS4,07/02/2009,20.2,20.7,18.8,20.7,63930
TS4,07/01/2009,20.1,20.1,19.7,19.7,187310
TS4,06/30/2009,21.7,21.8,20.7,20.7,156780
TS4,06/29/2009,21.9,23.1,21.7,21.7,81050
TS4,06/26/2009,22.9,23.5,22.8,22.8,80580
TS4,06/25/2009,25.1,25.1,23.9,23.9,116620
TS4,06/24/2009,23.6,25.4,23.6,25.1,353990
TS4,06/23/2009,24.8,24.8,24.8,24.8,37820
TS4,06/22/2009,26.0,26.0,26.0,26.0,39860
TS4,06/19/2009,28.7,28.7,27.3,27.3,140520
TS4,06/18/2009,30.4,30.4,28.4,28.7,83020
TS4,06/17/2009,26.9,29.6,26.9,29.6,235380
TS4,06/16/2009,28.3,29.6,28.3,28.3,227590
TS4,06/15/2009,29.8,29.8,27.1,29.8,486520
TS4,06/12/2009,28.4,28.4,28.4,28.4,82470
TS4,06/11/2009,27.1,27.1,27.1,27.1,169290
TS4,06/10/2009,25.9,25.9,25.9,25.9,319410
TS4,06/09/2009,24.5,24.7,23.6,24.7,168560
TS4,06/08/2009,22.6,23.7,22.6,23.6,208210
TS4,06/05/2009,22.2,22.5,21.8,22.6,216890
TS4,06/04/2009,21.5,22.3,21.5,21.5,168890
TS4,06/03/2009,22.4,22.4,21.2,21.2,203980
TS4,06/02/2009,22.3,22.3,22.3,22.3,12260
TS4,06/01/2009,21.2,21.2,21.2,21.2,40340
TS4,05/29/2009,19.2,20.4,19.2,20.2,412410
TS4,05/28/2009,20.2,20.2,20.2,20.2,1260
TS4,05/27/2009,21.2,21.2,21.2,21.2,15920
TS4,05/26/2009,22.2,22.6,22.2,22.2,87690
TS4,05/25/2009,22.3,23.3,22.1,23.3,161400
TS4,05/22/2009,22.3,23.0,21.3,22.3,260720
TS4,05/21/2009,22.3,22.3,22.3,22.3,115390
TS4,05/20/2009,21.3,21.3,21.3,21.3,64150
TS4,05/19/2009,20.3,20.3,20.3,20.3,33680
TS4,05/18/2009,19.3,19.3,19.3,19.3,50320
TS4,05/15/2009,18.4,18.4,18.4,18.4,51020
TS4,05/14/2009,16.8,17.5,16.8,17.5,173680
TS4,05/13/2009,16.7,16.7,16.7,16.7,82310
TS4,05/12/2009,15.9,15.9,15.9,15.9,105710
TS4,05/11/2009,15.2,15.2,15.1,15.2,155350
TS4,05/08/2009,13.9,14.8,13.9,14.5,108860
TS4,05/07/2009,14.4,14.5,13.8,14.5,172130
TS4,05/06/2009,14.9,14.9,13.8,13.8,212080
TS4,05/05/2009,14.5,14.5,14.5,14.5,27700
TS4,05/04/2009,13.8,13.8,13.8,13.8,17720
TS4,04/29/2009,13.2,13.2,12.6,13.2,178200
TS4,04/28/2009,12.6,12.6,12.0,12.6,212030
TS4,04/27/2009,12.0,11.5,11.5,12.0,28720
TS4,04/24/2009,11.5,11.5,11.5,11.5,45860
TS4,04/23/2009,11.0,11.0,11.0,11.0,36760
TS4,04/22/2009,10.5,10.5,10.5,10.5,52540
TS4,04/21/2009,10.1,10.1,10.1,10.1,11620
TS4,04/20/2009,10.6,10.6,10.6,10.6,115630
TS4,04/17/2009,11.4,11.4,10.4,11.1,136440
TS4,04/16/2009,10.9,10.9,10.9,10.9,88190
TS4,04/15/2009,10.3,10.4,10.0,10.4,186510
TS4,04/14/2009,10.0,10.0,9.9,10.0,67120
TS4,04/13/2009,9.6,9.6,9.6,9.6,12400
TS4,04/10/2009,9.2,9.2,9.2,9.2,67690
TS4,04/09/2009,8.8,8.8,8.7,8.8,85640
TS4,04/08/2009,8.5,8.5,8.3,8.5,173230
TS4,04/07/2009,8.3,8.3,8.1,8.2,67890
TS4,04/03/2009,7.8,7.8,7.8,7.9,33150
TS4,04/02/2009,7.6,7.6,7.6,7.5,111480
TS4,04/01/2009,7.0,7.2,7.0,7.2,44670
TS4,03/31/2009,6.8,6.9,6.7,6.9,47470
TS4,03/30/2009,6.6,6.8,6.6,6.8,27950
TS4,03/27/2009,6.9,6.9,6.5,6.8,112910
TS4,03/26/2009,7.0,7.0,6.7,6.8,25070
TS4,03/25/2009,6.7,6.8,6.7,6.7,34030
TS4,03/24/2009,6.7,6.7,6.6,6.7,18250
TS4,03/23/2009,6.7,6.7,6.4,6.4,55040
TS4,03/20/2009,6.7,6.8,6.6,6.7,34470
TS4,03/19/2009,7.1,7.2,6.7,6.7,56520
TS4,03/18/2009,7.0,7.0,6.9,7.0,47910
TS4,03/17/2009,6.5,6.7,6.5,6.7,62800
TS4,03/16/2009,6.3,6.4,6.3,6.4,27240
TS4,03/13/2009,6.4,6.4,6.2,6.3,28050
TS4,03/12/2009,6.2,6.5,6.2,6.2,88040
TS4,03/11/2009,6.5,6.5,6.5,6.5,73370
TS4,03/10/2009,5.9,6.2,5.9,6.2,42180
TS4,03/09/2009,5.9,6.0,5.9,5.9,43360
TS4,03/06/2009,5.8,5.8,5.6,5.7,25780
TS4,03/05/2009,5.6,5.8,5.6,5.8,112830
TS4,03/04/2009,5.7,5.7,5.6,5.6,14590
TS4,03/03/2009,5.5,5.7,5.4,5.7,51330
TS4,03/02/2009,5.4,5.5,5.4,5.5,34070
TS4,02/27/2009,5.3,5.5,5.3,5.3,12760
TS4,02/26/2009,5.2,5.4,5.2,5.3,34320
TS4,02/25/2009,5.3,5.4,5.3,5.4,64620
TS4,02/24/2009,5.1,5.2,5.1,5.2,46700
TS4,02/23/2009,5.2,5.3,5.2,5.2,35050
TS4,02/20/2009,5.2,5.4,5.2,5.4,12520
TS4,02/19/2009,5.3,5.5,5.2,5.4,17870
TS4,02/18/2009,5.4,5.4,5.3,5.3,41320
TS4,02/17/2009,5.5,5.5,5.4,5.5,23570
TS4,02/16/2009,5.5,5.7,5.5,5.5,6200
TS4,02/13/2009,5.4,5.5,5.4,5.5,19850
TS4,02/12/2009,5.5,5.6,5.5,5.5,81510
TS4,02/11/2009,5.7,5.7,5.7,5.7,40780
TS4,02/10/2009,6.1,6.1,5.9,5.9,60180
TS4,02/09/2009,6.2,6.2,6.1,6.1,20340
TS4,02/06/2009,6.0,6.2,6.0,6.2,11240
TS4,02/05/2009,6.1,6.1,5.9,6.0,55900
TS4,02/04/2009,5.9,6.3,5.9,6.0,34130
TS4,02/03/2009,6.1,6.3,6.1,6.1,40600
TS4,02/02/2009,6.4,6.8,6.3,6.3,28460
TS4,01/23/2009,6.4,6.7,6.4,6.6,5200
TS4,01/22/2009,6.5,6.6,6.4,6.6,18030
TS4,01/21/2009,6.6,6.7,6.4,6.4,580
TS4,01/20/2009,6.4,6.6,6.4,6.6,510
TS4,01/19/2009,6.9,6.9,6.4,6.7,1010
TS4,01/16/2009,6.6,6.7,6.3,6.7,3010
TS4,01/15/2009,6.6,6.6,6.3,6.5,4030
TS4,01/14/2009,6.8,6.8,6.5,6.5,4180
TS4,01/13/2009,6.6,6.9,6.5,6.7,5780
TS4,01/12/2009,6.7,7.0,6.7,6.7,2980
TS4,01/09/2009,6.5,6.9,6.5,6.9,1420
TS4,01/08/2009,6.7,6.9,6.6,6.7,12910
TS4,01/07/2009,7.0,7.0,6.9,6.9,12660
TS4,01/06/2009,6.6,6.9,6.6,6.8,15920
TS4,01/05/2009,6.6,6.8,6.5,6.6,13950
TS4,01/02/2009,6.9,6.9,6.8,6.8,23170
TS4,12/31/2008,7.1,7.1,7.0,7.1,87080
TS4,12/30/2008,6.5,6.8,6.5,6.8,46000
TS4,12/29/2008,6.2,6.5,6.0,6.5,17930
TS4,12/26/2008,6.0,6.2,6.0,6.2,11600
TS4,12/25/2008,5.9,6.0,5.9,6.0,5020
TS4,12/24/2008,5.9,6.1,5.9,5.9,2490
TS4,12/23/2008,6.1,6.2,5.9,6.1,8470
TS4,12/22/2008,6.3,6.3,6.0,6.1,7500
TS4,12/19/2008,6.2,6.4,6.2,6.3,2410
TS4,12/18/2008,6.3,6.3,6.2,6.2,270
TS4,12/17/2008,5.9,6.2,5.9,6.1,6030
TS4,12/16/2008,6.0,6.1,6.0,6.0,20370
TS4,12/15/2008,6.3,6.3,6.2,6.3,22060
TS4,12/12/2008,6.1,6.1,6.1,6.1,15510
TS4,12/11/2008,5.7,5.9,5.7,5.9,7810
TS4,12/10/2008,5.7,5.8,5.6,5.7,12000
TS4,12/09/2008,5.8,6.0,5.8,5.8,12990
TS4,12/08/2008,5.9,5.9,5.8,5.9,4900
TS4,12/05/2008,6.0,6.1,6.0,6.0,48450
TS4,12/04/2008,6.2,6.3,6.2,6.2,72560
TS4,12/03/2008,6.5,6.8,6.5,6.5,70410
TS4,12/02/2008,6.8,6.8,6.8,6.8,9010
TS4,12/01/2008,7.4,7.4,7.1,7.1,9510
TS4,11/28/2008,6.8,7.2,6.8,7.2,5690
TS4,11/27/2008,7.0,7.0,6.9,6.9,6000
TS4,11/26/2008,7.5,7.5,7.2,7.2,4760
TS4,11/25/2008,7.4,7.5,7.3,7.5,1990
TS4,11/24/2008,7.5,7.5,7.1,7.5,6000
TS4,11/21/2008,7.1,7.4,7.1,7.3,13810
TS4,11/20/2008,7.4,7.4,7.4,7.4,5990
TS4,11/19/2008,7.8,7.8,7.6,7.7,4620
TS4,11/18/2008,7.5,7.7,7.5,7.7,3300
TS4,11/17/2008,7.6,7.6,7.5,7.5,15300
TS4,11/14/2008,7.7,7.8,7.5,7.8,34950
TS4,11/13/2008,7.1,7.5,7.1,7.5,16730
TS4,11/12/2008,6.9,7.2,6.9,7.2,11990
TS4,11/11/2008,7.4,7.4,7.1,7.1,57860
TS4,11/10/2008,7.5,7.7,7.3,7.4,20600
TS4,11/07/2008,7.7,7.7,7.7,7.7,3700
TS4,11/06/2008,8.1,8.5,8.1,8.1,20900
TS4,11/05/2008,8.4,8.5,8.3,8.5,38090
TS4,11/04/2008,7.4,8.1,7.3,8.1,44290
TS4,11/03/2008,7.8,7.8,7.5,7.7,16840
TS4,10/31/2008,7.7,7.8,7.5,7.8,49730
TS4,10/30/2008,7.5,7.5,7.3,7.5,31750
TS4,10/29/2008,7.6,7.6,7.1,7.3,86420
TS4,10/28/2008,7.3,7.3,7.3,7.3,84500
TS4,10/27/2008,7.6,7.6,7.6,7.6,22550
TS4,10/24/2008,8.1,8.4,8.0,8.0,21340
TS4,10/23/2008,8.5,8.5,8.4,8.4,17100
TS4,10/22/2008,8.7,8.8,8.7,8.8,16280
TS4,10/21/2008,9.2,9.2,9.1,9.1,66840
TS4,10/20/2008,9.6,9.6,9.6,9.6,5880
TS4,10/17/2008,9.9,10.2,9.6,10.1,15510
TS4,10/16/2008,9.2,10.1,9.2,10.1,15980
TS4,10/15/2008,9.7,9.7,9.3,9.6,35250
TS4,10/14/2008,9.3,9.3,9.3,9.3,362200
TS4,10/13/2008,8.9,9.0,8.9,8.9,64290
TS4,10/10/2008,9.3,9.3,9.3,9.3,20780
TS4,10/09/2008,9.8,10.2,9.8,9.8,59490
TS4,10/08/2008,10.3,10.3,10.3,10.3,1190
TS4,10/07/2008,10.8,10.8,10.8,10.8,5200
TS4,10/06/2008,11.4,11.9,11.4,11.4,8260
TS4,10/03/2008,11.6,12.1,11.5,12.0,12220
TS4,10/02/2008,13.3,13.3,12.1,12.1,22100
TS4,10/01/2008,12.7,13.5,12.7,12.7,33380
TS4,09/30/2008,13.3,13.3,13.3,13.3,1130
TS4,09/29/2008,14.1,14.1,13.9,13.9,64190
TS4,09/26/2008,13.5,13.5,13.1,13.5,84590
TS4,09/25/2008,11.7,12.9,11.7,12.9,43670
TS4,09/24/2008,12.3,12.3,12.3,12.3,32830
TS4,09/23/2008,11.7,11.7,11.6,11.7,89290
TS4,09/22/2008,11.1,11.1,11.1,11.1,11260
TS4,09/19/2008,9.6,10.6,9.6,10.6,18920
TS4,09/18/2008,10.1,10.1,10.1,10.1,8910
TS4,09/17/2008,10.6,10.6,10.6,10.6,6680
TS4,09/16/2008,11.1,11.2,11.1,11.1,43960
TS4,09/15/2008,11.6,12.2,11.6,11.6,129950
TS4,09/12/2008,12.1,12.1,12.1,12.1,2430
TS4,09/11/2008,12.7,12.7,12.7,12.7,7620
TS4,09/10/2008,13.4,13.9,13.3,13.3,34460
TS4,09/09/2008,13.9,15.3,13.9,14.0,92830
TS4,09/08/2008,14.7,14.7,13.3,14.6,99560
TS4,09/05/2008,14.0,14.0,14.0,14.0,10000
TS4,09/04/2008,13.4,13.4,13.4,13.4,28310
TS4,09/03/2008,12.8,12.8,12.8,12.8,15770
TS4,08/29/2008,12.3,12.3,12.2,12.3,53090
TS4,08/28/2008,11.8,11.8,11.8,11.8,91580
TS4,08/27/2008,11.3,11.3,11.3,11.3,4600
TS4,08/26/2008,10.8,10.8,10.8,10.8,22620
TS4,08/25/2008,10.3,10.3,10.2,10.3,55780
TS4,08/22/2008,10.2,10.2,9.5,9.8,23360
TS4,08/21/2008,8.9,9.8,8.9,9.8,25840
TS4,08/20/2008,9.1,9.3,9.1,9.3,20350
TS4,08/19/2008,9.6,9.6,9.4,9.6,56960
TS4,08/18/2008,9.2,9.2,9.1,9.2,29230
TS4,08/15/2008,8.8,8.8,8.8,8.8,240
TS4,08/14/2008,8.6,8.6,8.6,8.6,18310
TS4,08/13/2008,8.4,8.4,8.4,8.4,47590
TS4,08/12/2008,8.6,8.6,8.2,8.2,27050
TS4,08/11/2008,8.4,8.4,8.3,8.4,12900
TS4,08/08/2008,8.3,8.3,8.2,8.2,3800
TS4,08/07/2008,8.5,8.5,8.3,8.3,2250
TS4,08/06/2008,8.3,8.3,8.2,8.3,9550
TS4,08/05/2008,8.1,8.1,8.1,8.1,13840
TS4,08/04/2008,8.2,8.3,7.9,8.3,17420
TS4,08/01/2008,8.1,8.3,8.1,8.1,10920
TS4,07/31/2008,8.4,8.5,8.2,8.4,2320
TS4,07/30/2008,8.6,8.6,8.4,8.4,12460
TS4,07/29/2008,8.4,8.4,8.3,8.4,16580
TS4,07/28/2008,8.2,8.4,8.2,8.2,42320
TS4,07/25/2008,8.4,8.4,8.4,8.4,20780
TS4,07/24/2008,8.6,8.6,8.6,8.6,4260
TS4,07/23/2008,8.8,8.8,8.8,8.8,200
TS4,07/22/2008,9.0,9.0,9.0,9.0,510
TS4,07/21/2008,9.2,9.2,9.2,9.2,270
TS4,07/18/2008,9.4,9.4,9.4,9.4,6740
TS4,07/17/2008,9.7,9.8,9.6,9.6,38900
TS4,07/16/2008,10.4,10.4,9.9,9.9,24830
TS4,07/15/2008,10.2,10.2,10.2,10.2,14270
TS4,07/14/2008,9.9,9.9,9.9,9.9,8010
TS4,07/11/2008,9.7,9.7,9.7,9.7,4420
TS4,07/10/2008,9.5,9.5,9.4,9.5,20810
TS4,07/09/2008,9.0,9.3,9.0,9.3,42310
TS4,07/08/2008,9.2,9.2,9.2,9.2,9360
TS4,07/07/2008,9.8,9.8,9.4,9.4,19580
TS4,07/04/2008,9.6,9.6,9.6,9.6,7410
TS4,07/03/2008,9.4,9.4,9.4,9.4,8410
TS4,07/02/2008,9.3,9.3,9.1,9.2,20830
TS4,07/01/2008,9.1,9.1,9.0,9.1,15120
TS4,06/30/2008,8.5,8.9,8.5,8.9,4160
TS4,06/27/2008,8.5,8.9,8.5,8.7,7330
TS4,06/26/2008,9.1,9.1,8.7,8.7,8980
TS4,06/25/2008,9.0,9.0,8.8,8.9,28110
TS4,06/24/2008,8.6,8.7,8.5,8.8,16110
TS4,06/23/2008,8.2,8.6,8.2,8.6,9240
TS4,06/20/2008,8.4,8.4,8.4,8.4,1870
TS4,06/19/2008,8.6,8.6,8.6,8.6,4600
TS4,06/18/2008,9.0,9.0,8.8,8.8,12200
TS4,06/17/2008,8.9,8.9,8.9,8.9,1090
TS4,06/16/2008,8.7,8.8,8.7,8.8,140
TS4,06/13/2008,8.8,8.8,8.8,8.7,5010
TS4,06/12/2008,8.6,8.6,8.6,8.6,710
TS4,06/11/2008,8.4,8.6,8.2,8.4,18300
TS4,06/10/2008,8.2,8.6,8.2,8.4,3630
TS4,06/09/2008,8.6,8.4,8.4,8.4,20
TS4,06/06/2008,8.6,8.6,8.6,8.6,3400
TS4,06/05/2008,8.8,8.8,8.8,8.8,5110
TS4,06/04/2008,9.0,9.0,9.0,9.0,3950
TS4,06/03/2008,9.2,9.2,9.2,9.2,3560
TS4,06/02/2008,9.4,9.4,9.4,9.4,2000
TS4,05/30/2008,9.6,9.6,9.6,9.6,3010
TS4,05/26/2008,9.8,9.8,9.8,9.8,4050
TS4,05/23/2008,10.0,10.0,10.0,10.0,3750
TS4,05/22/2008,10.2,10.2,10.2,10.2,3100
TS4,05/21/2008,10.4,10.4,10.4,10.4,2660
TS4,05/20/2008,10.6,10.7,10.6,10.6,32240
TS4,05/19/2008,10.8,10.9,10.8,10.8,63630
TS4,05/16/2008,11.2,11.0,11.0,11.0,10
TS4,05/15/2008,11.4,11.2,11.2,11.2,30
TS4,05/14/2008,11.6,11.4,11.4,11.4,20
TS4,05/13/2008,11.6,11.6,11.6,11.6,10
TS4,05/12/2008,11.8,11.8,11.8,11.8,1700
TS4,05/09/2008,12.1,12.1,12.0,12.0,660
TS4,05/08/2008,12.3,12.3,12.2,12.2,5020
TS4,05/07/2008,12.4,12.4,12.4,12.4,1280
TS4,05/06/2008,12.6,12.6,12.6,12.6,90
TS4,05/05/2008,12.8,12.8,12.8,12.8,570
TS4,04/29/2008,13.0,13.0,13.0,13.0,40950
TS4,04/28/2008,13.2,13.2,13.2,13.2,1060
TS4,04/25/2008,13.4,13.4,13.4,13.4,80
TS4,04/24/2008,13.6,13.6,13.6,13.6,1510
TS4,04/23/2008,13.8,13.8,13.8,13.8,1010
TS4,04/22/2008,14.0,14.0,14.0,14.0,180
TS4,04/21/2008,14.2,14.2,14.2,14.2,460
TS4,04/18/2008,14.4,14.4,14.4,14.4,3500
TS4,04/17/2008,14.6,14.6,14.6,14.6,11480
TS4,04/11/2008,14.8,14.8,14.8,14.8,1050
TS4,04/09/2008,15.0,15.0,15.0,15.0,4250
TS4,04/08/2008,15.6,15.6,15.2,15.2,25490
TS4,04/07/2008,15.4,15.4,15.4,15.4,6890
TS4,04/04/2008,15.2,15.2,15.2,15.2,1820
TS4,04/03/2008,15.1,15.1,15.1,15.1,24100
TS4,04/02/2008,15.0,15.0,15.0,15.0,400
TS4,04/01/2008,14.9,14.9,14.9,14.9,2130
TS4,03/31/2008,14.8,14.8,14.8,14.8,15130
TS4,03/28/2008,14.7,14.7,14.7,14.7,1840
TS4,03/27/2008,14.5,14.6,14.5,14.6,1430
TS4,03/26/2008,13.3,14.6,13.3,14.5,3850
TS4,03/25/2008,13.9,13.9,13.9,13.9,2120
TS4,03/24/2008,14.6,14.6,14.6,14.6,510
TS4,03/21/2008,15.4,15.4,15.4,15.4,1580
TS4,03/20/2008,15.6,16.2,14.8,16.2,7100
TS4,03/19/2008,15.6,17.2,15.6,15.6,6100
TS4,03/18/2008,16.4,16.4,16.4,16.4,5230
TS4,03/17/2008,17.3,17.3,17.3,17.3,3100
TS4,03/14/2008,18.4,18.7,18.2,18.2,3520
TS4,03/13/2008,18.5,18.5,18.3,18.4,2310
TS4,03/12/2008,17.3,18.7,17.3,18.5,13460
TS4,03/11/2008,17.8,18.1,17.8,18.1,2940
TS4,03/10/2008,18.6,18.7,18.6,18.7,14020
TS4,03/07/2008,17.8,17.8,17.8,17.8,2810
TS4,03/06/2008,16.2,17.0,16.2,17.0,420
TS4,03/05/2008,16.2,16.2,16.2,16.2,8490
TS4,03/04/2008,18.0,18.0,17.1,17.1,1580
TS4,03/03/2008,18.0,18.2,18.0,18.0,4020
TS4,02/29/2008,19.8,19.8,18.9,18.9,2480
TS4,02/28/2008,19.8,19.8,19.4,19.8,1750
TS4,02/27/2008,19.3,20.2,19.3,19.8,5390
TS4,02/26/2008,19.3,19.5,19.3,19.3,11050
TS4,02/25/2008,19.0,19.0,19.0,19.1,5810
TS4,02/22/2008,18.1,18.5,18.1,18.2,13400
TS4,02/21/2008,19.2,19.2,19.0,19.0,6790
TS4,02/20/2008,20.8,20.8,20.0,20.0,8410
TS4,02/19/2008,20.5,21.6,20.4,20.8,3330
TS4,02/18/2008,20.5,21.1,20.5,21.1,3020
TS4,02/15/2008,21.5,21.5,21.2,21.2,4950
TS4,02/14/2008,20.8,22.0,20.8,21.4,11870
TS4,02/13/2008,22.0,22.0,21.6,21.6,3340
TS4,02/12/2008,23.0,23.0,22.0,22.0,6970
TS4,02/01/2008,22.4,22.7,22.4,22.7,22310
TS4,01/31/2008,21.8,21.8,21.0,21.6,7560
TS4,01/30/2008,21.8,21.8,21.8,21.8,21160
TS4,01/29/2008,19.4,20.8,19.4,20.8,13790
TS4,01/28/2008,20.2,20.2,19.7,19.9,4080
TS4,01/25/2008,20.1,20.5,19.7,20.2,19160
TS4,01/24/2008,18.9,20.0,18.9,20.1,9590
TS4,01/23/2008,20.0,20.0,19.2,19.2,13430
TS4,01/22/2008,20.1,20.4,20.1,20.2,9590
TS4,01/21/2008,20.8,20.8,20.8,20.8,2020
TS4,01/18/2008,21.2,21.4,21.2,21.4,7900
TS4,01/17/2008,21.8,21.8,21.0,21.0,26500
TS4,01/16/2008,20.8,20.8,20.4,20.8,25010
TS4,01/15/2008,20.0,20.1,19.9,19.9,14280
TS4,01/14/2008,21.6,21.7,20.9,20.9,12700
TS4,01/11/2008,22.4,22.4,22.0,22.0,8740
TS4,01/10/2008,22.3,22.3,22.0,22.0,11280
TS4,01/09/2008,24.0,24.0,23.2,23.2,7790
TS4,01/08/2008,23.3,23.3,23.0,23.2,12350
TS4,01/07/2008,24.0,24.4,22.8,22.8,4930
TS4,01/04/2008,24.5,24.5,23.1,24.0,22400
TS4,01/03/2008,24.6,24.6,24.3,24.3,18780
TS4,01/02/2008,25.1,26.0,25.1,25.1,41630
TS4,12/28/2007,26.4,26.4,26.4,26.4,7010
TS4,12/27/2007,25.2,25.2,25.2,25.2,20930
TS4,12/26/2007,23.5,24.3,23.5,24.0,10240
TS4,12/25/2007,24.3,24.3,23.7,23.7,4930
TS4,12/24/2007,24.6,24.9,24.3,24.3,10080
TS4,12/21/2007,24.5,24.9,24.5,24.6,14560
TS4,12/20/2007,25.8,25.8,24.9,24.9,8810
TS4,12/19/2007,25.5,25.8,25.2,25.5,10300
TS4,12/18/2007,24.6,24.9,24.6,24.9,3880
TS4,12/17/2007,24.8,24.9,24.6,24.6,13950
TS4,12/14/2007,25.0,26.4,25.0,25.5,3360
TS4,12/13/2007,26.2,26.8,25.9,25.9,24700
TS4,12/12/2007,26.4,28.3,26.4,26.6,62440
TS4,12/11/2007,27.8,27.8,27.8,27.8,10910
TS4,12/10/2007,28.9,29.2,28.8,29.2,1750
TS4,12/07/2007,28.9,28.9,28.9,28.9,200
TS4,12/06/2007,29.2,29.2,28.9,28.9,710
TS4,12/05/2007,29.2,29.5,28.6,28.6,3200
TS4,12/04/2007,29.2,29.5,29.2,29.2,1750
TS4,12/03/2007,28.1,29.3,28.1,29.3,3200
TS4,11/30/2007,29.2,29.2,28.6,28.6,1710
TS4,11/29/2007,28.7,29.2,28.6,29.2,1210
TS4,11/28/2007,28.7,28.7,28.6,28.6,700
TS4,11/27/2007,29.2,29.2,28.6,28.6,1570
TS4,11/26/2007,28.7,28.9,28.7,28.9,1130
TS4,11/23/2007,28.0,29.2,28.0,29.2,3360
TS4,11/22/2007,29.8,29.8,29.2,29.2,2300
TS4,11/21/2007,27.2,29.2,27.2,29.2,2550
TS4,11/20/2007,28.6,28.6,28.6,28.6,510
TS4,11/19/2007,27.6,28.6,27.6,28.6,500
TS4,11/16/2007,27.7,28.6,27.7,28.6,1160
TS4,11/15/2007,29.9,29.9,28.9,28.9,1210
TS4,11/14/2007,27.2,28.5,27.1,28.5,2030
TS4,11/13/2007,28.6,28.6,27.2,27.2,3750
TS4,11/12/2007,28.6,28.6,28.6,28.6,3100
TS4,11/09/2007,29.8,30.1,29.8,29.8,3560
TS4,11/08/2007,31.6,31.6,30.7,30.7,1290
TS4,11/07/2007,30.4,31.3,30.4,31.3,1700
TS4,11/06/2007,31.0,31.0,30.4,30.4,7300
TS4,11/05/2007,31.0,31.3,31.0,31.0,6780
TS4,11/02/2007,31.9,31.9,31.6,31.6,4700
TS4,11/01/2007,31.0,31.9,31.0,31.9,4180
TS4,10/31/2007,31.0,32.2,31.0,31.0,8260
TS4,10/30/2007,31.6,31.6,31.6,31.6,4440
TS4,10/29/2007,31.0,31.6,31.0,31.0,7130
TS4,10/26/2007,32.2,32.2,31.9,31.9,4230
TS4,10/25/2007,32.5,32.5,31.0,31.0,11590
TS4,10/24/2007,31.0,31.9,31.0,31.9,10530
TS4,10/23/2007,30.4,30.7,30.4,30.7,4290
TS4,10/22/2007,32.2,32.2,31.9,31.9,6450
TS4,10/19/2007,32.2,32.5,32.2,32.2,6010
TS4,10/18/2007,32.5,32.5,31.9,31.9,3970
TS4,10/17/2007,32.8,32.8,32.5,32.8,11960
TS4,10/16/2007,33.4,33.4,32.8,32.8,9810
TS4,10/15/2007,33.4,33.4,32.5,33.4,12970
TS4,10/12/2007,32.2,32.5,31.9,32.5,3380
TS4,10/11/2007,32.8,32.8,32.2,32.8,9430
TS4,10/10/2007,32.8,33.4,32.8,33.1,7030
TS4,10/09/2007,32.5,32.8,31.6,32.8,18110
TS4,10/08/2007,32.2,33.1,31.0,31.3,12310
TS4,10/05/2007,31.0,32.8,31.0,32.5,8030
TS4,10/04/2007,32.8,32.8,32.2,32.5,10770
TS4,10/03/2007,32.8,33.7,32.8,32.8,7950
TS4,10/02/2007,35.2,35.2,32.5,34.0,25350
TS4,10/01/2007,32.5,34.0,32.5,34.0,35950
TS4,09/28/2007,31.0,32.5,31.0,32.5,27960
TS4,09/27/2007,32.8,32.8,32.5,32.5,24220
TS4,09/26/2007,34.0,34.0,34.0,34.0,17660
TS4,09/25/2007,32.5,32.5,32.5,32.5,19050
TS4,09/24/2007,29.2,31.0,29.2,31.0,29460
TS4,09/21/2007,30.0,30.0,29.2,29.8,21550
TS4,09/20/2007,28.0,28.6,28.0,28.6,8250
TS4,09/19/2007,28.3,28.3,28.0,28.0,11440
TS4,09/18/2007,28.0,28.0,28.0,28.0,6850
TS4,09/17/2007,28.6,28.6,27.5,28.6,5170
TS4,09/14/2007,27.7,28.6,27.4,28.6,5600
TS4,09/13/2007,27.7,27.7,27.7,27.7,13870
TS4,09/12/2007,31.5,31.5,29.1,29.1,16380
TS4,09/11/2007,30.6,30.6,30.4,30.6,39470
TS4,09/10/2007,29.2,29.2,29.2,29.2,4860
TS4,09/07/2007,27.8,27.8,27.8,27.8,13550
TS4,09/06/2007,25.9,26.5,25.6,26.5,23450
TS4,09/05/2007,25.0,25.3,25.0,25.3,3860
TS4,09/04/2007,25.0,25.0,25.0,25.0,1690
TS4,08/31/2007,25.0,25.0,25.0,25.0,2400
TS4,08/30/2007,26.2,26.2,25.3,25.3,2080
TS4,08/29/2007,24.7,25.0,24.7,25.0,900
TS4,08/28/2007,24.7,25.0,24.4,24.9,1720
TS4,08/27/2007,24.7,24.8,24.7,24.7,6360
TS4,08/24/2007,24.4,24.7,24.4,24.7,2350
TS4,08/23/2007,24.5,24.5,24.4,24.4,1420
TS4,08/22/2007,24.4,24.5,24.4,24.5,1670
TS4,08/21/2007,24.7,24.7,24.4,24.4,2400
TS4,08/20/2007,24.5,24.5,24.5,24.5,1100
TS4,08/16/2007,26.8,26.8,25.6,25.7,7960
TS4,08/15/2007,25.7,26.2,25.7,26.2,2530
TS4,08/14/2007,25.7,26.3,25.7,26.3,810
TS4,08/13/2007,25.6,26.3,25.6,26.3,3090
TS4,08/10/2007,26.9,26.9,26.9,26.9,900
TS4,08/09/2007,25.5,27.2,25.5,26.9,5770
TS4,08/08/2007,26.9,26.9,25.7,26.8,1950
TS4,08/07/2007,26.9,26.9,26.9,26.9,600
TS4,08/06/2007,27.6,27.6,26.3,26.3,3020
TS4,08/03/2007,26.9,27.5,25.6,27.5,4940
TS4,08/02/2007,26.9,26.9,26.6,26.9,4530
TS4,08/01/2007,25.9,26.8,25.9,26.9,4850
TS4,07/31/2007,25.5,25.6,24.3,25.6,4060
TS4,07/30/2007,26.8,26.8,25.5,25.5,1200
TS4,07/27/2007,26.8,26.8,26.8,26.8,1160
TS4,07/26/2007,26.5,26.8,26.5,26.5,5280
TS4,07/25/2007,28.3,28.3,27.4,27.4,8370
TS4,07/24/2007,26.3,26.3,25.7,25.7,9890
TS4,07/23/2007,26.3,26.3,25.9,25.9,8610
TS4,07/20/2007,25.7,26.3,25.7,26.3,7610
TS4,07/19/2007,26.8,27.0,26.8,27.0,21190
TS4,07/18/2007,25.0,25.9,25.0,25.9,3340
TS4,07/17/2007,25.7,25.7,25.7,25.7,6280
TS4,07/16/2007,25.7,25.9,25.7,25.7,9050
TS4,07/13/2007,25.9,25.9,25.9,25.9,2830
TS4,07/12/2007,25.9,26.1,25.9,25.9,12800
TS4,07/11/2007,26.3,26.3,26.3,26.3,4700
TS4,07/10/2007,25.8,26.3,25.8,26.3,5050
TS4,07/09/2007,26.5,26.7,25.4,26.7,6100
TS4,07/06/2007,25.4,26.5,25.4,26.5,2510
TS4,07/05/2007,25.8,25.8,25.4,25.4,11440
TS4,07/04/2007,24.9,24.9,24.7,24.7,49220
TS4,07/03/2007,27.1,25.8,25.8,25.8,3070
TS4,07/02/2007,28.0,28.0,27.1,27.1,3910
TS4,06/29/2007,27.4,28.0,27.4,28.0,26990
TS4,06/28/2007,26.3,26.7,26.3,26.7,7210
TS4,06/27/2007,27.6,27.6,26.3,26.3,8790
TS4,06/26/2007,26.7,26.7,26.7,26.7,1460
TS4,06/25/2007,26.7,27.2,26.7,26.7,3980
TS4,06/22/2007,26.3,26.7,26.3,26.3,2770
TS4,06/21/2007,26.9,26.9,26.7,26.7,1200
TS4,06/20/2007,26.7,27.2,26.7,26.7,10070
TS4,06/19/2007,28.0,28.0,27.6,27.6,3510
TS4,06/18/2007,27.6,28.0,27.6,28.0,9300
TS4,06/15/2007,27.4,27.6,27.4,27.6,12960
TS4,06/14/2007,27.2,27.4,27.2,27.4,12500
TS4,06/13/2007,25.4,26.5,25.4,26.5,3440
TS4,06/12/2007,25.1,25.4,25.1,25.4,3950
TS4,06/11/2007,25.4,25.8,25.4,25.8,6790
TS4,06/08/2007,26.7,26.7,26.7,26.7,11500
TS4,06/07/2007,28.0,28.0,27.1,27.1,7390
TS4,06/06/2007,28.0,28.0,28.0,28.0,17270
TS4,06/05/2007,26.7,26.7,26.7,26.7,6910
TS4,06/04/2007,25.4,25.6,25.4,25.6,6550
TS4,06/01/2007,24.5,24.5,24.5,24.5,9530
TS4,05/31/2007,24.0,24.7,24.0,24.7,8610
TS4,05/30/2007,26.2,26.2,25.1,25.1,3250
TS4,05/29/2007,26.2,26.2,26.2,26.2,1380
TS4,05/28/2007,26.2,27.1,26.2,26.2,8950
TS4,05/25/2007,27.6,27.6,26.2,26.2,4280
TS4,05/24/2007,29.8,29.8,29.4,29.8,66800
TS4,05/23/2007,28.5,28.5,28.1,28.5,22890
TS4,05/22/2007,25.9,27.2,25.9,27.2,11730
TS4,05/21/2007,28.5,28.5,27.2,27.2,15900
TS4,05/18/2007,28.5,28.5,28.5,28.5,49980
TS4,05/17/2007,27.9,28.3,27.9,28.3,54890
TS4,05/16/2007,27.0,27.0,27.0,27.0,33630
TS4,05/15/2007,25.9,25.9,25.9,25.9,21400
TS4,05/14/2007,24.8,24.8,24.8,24.8,10890
TS4,05/11/2007,22.8,23.7,22.8,23.7,2330
TS4,05/10/2007,23.7,24.4,23.7,23.7,4010
TS4,05/09/2007,24.2,24.2,23.5,23.7,3090
TS4,05/08/2007,24.2,24.2,23.3,23.5,4530
TS4,05/07/2007,23.8,24.2,24.2,24.2,2500
TS4,05/04/2007,23.8,23.8,23.8,23.8,9420
TS4,05/03/2007,22.1,22.7,22.1,22.7,6660
TS4,05/02/2007,22.1,21.7,21.7,21.7,550
TS4,04/25/2007,22.1,22.1,21.7,22.1,3060
TS4,04/24/2007,22.3,22.3,22.3,22.3,6520
TS4,04/23/2007,23.6,23.6,23.4,23.4,6010
TS4,04/20/2007,23.6,23.6,23.6,23.6,590
TS4,04/19/2007,24.7,24.7,24.7,24.7,63400
TS4,04/18/2007,23.6,23.6,23.6,23.6,3390
TS4,04/17/2007,21.6,22.5,20.5,22.5,10650
TS4,04/16/2007,22.0,22.0,21.6,21.6,8350
TS4,04/13/2007,23.4,23.4,22.2,22.2,4050
TS4,04/12/2007,23.4,23.4,23.4,23.4,8750
TS4,04/11/2007,23.4,23.4,23.4,23.4,6200
TS4,04/10/2007,24.5,23.4,23.4,23.4,760
TS4,04/09/2007,24.8,24.8,24.5,24.5,3220
TS4,04/06/2007,25.2,25.2,25.2,25.2,28360
TS4,04/05/2007,25.9,25.9,25.0,25.2,22800
TS4,04/04/2007,24.4,24.8,24.4,24.8,9360
TS4,04/03/2007,24.4,25.3,24.4,25.3,45060
TS4,04/02/2007,24.4,24.4,24.4,24.4,44950
TS4,03/30/2007,22.3,23.3,23.3,23.3,14740
TS4,03/29/2007,21.3,22.3,22.3,22.3,4550
TS4,03/28/2007,21.3,21.3,21.3,21.3,9440
TS4,03/27/2007,22.7,22.7,22.4,22.4,11100
TS4,03/26/2007,24.7,23.6,23.6,23.6,2290
TS4,03/23/2007,24.7,24.7,24.7,24.7,7270
TS4,03/22/2007,26.9,26.9,25.8,25.8,3620
TS4,03/21/2007,26.9,26.9,26.9,26.9,15260
TS4,03/20/2007,25.8,26.9,26.7,26.9,90890
TS4,03/19/2007,24.7,25.8,24.7,25.8,18130
TS4,03/16/2007,24.7,24.7,24.7,24.7,23650
TS4,03/15/2007,27.2,27.2,25.8,25.8,11580
TS4,03/14/2007,27.2,29.0,27.2,27.2,65910
TS4,03/13/2007,28.1,28.1,28.1,28.1,40930
TS4,03/12/2007,27.0,27.0,27.0,27.0,20240
TS4,03/09/2007,25.9,25.9,25.9,25.9,19870
TS4,03/08/2007,24.6,24.8,24.6,24.8,44280
TS4,03/07/2007,23.7,24.1,23.7,23.7,34400
TS4,03/06/2007,23.0,23.0,23.0,23.0,74430
TS4,03/05/2007,22.1,22.1,22.1,22.0,9740
TS4,03/02/2007,20.8,21.0,20.6,21.0,33020
TS4,03/01/2007,21.7,22.8,21.7,21.7,4100
TS4,02/28/2007,22.8,22.8,22.4,22.8,18700
TS4,02/27/2007,23.3,23.3,22.5,23.3,23720
TS4,02/26/2007,22.6,22.6,22.6,22.5,7920
TS4,02/15/2007,21.5,21.5,21.5,21.5,11720
TS4,02/14/2007,21.5,21.5,21.0,21.5,7150
TS4,02/13/2007,21.0,21.0,20.5,21.0,18750
TS4,02/12/2007,20.2,20.2,20.2,20.2,13480
TS4,02/09/2007,21.2,21.2,21.2,21.2,21890
TS4,02/08/2007,22.3,23.2,22.3,22.3,60770
TS4,02/07/2007,22.2,22.2,22.2,22.2,35660
TS4,02/06/2007,21.2,21.2,21.2,21.2,6850
TS4,02/05/2007,20.2,20.2,19.2,20.2,8170
TS4,02/02/2007,18.3,19.2,19.2,19.2,26390
TS4,02/01/2007,18.3,18.3,18.3,18.3,21160
TS4,01/31/2007,16.6,17.4,17.4,17.4,5420
TS4,01/30/2007,16.6,16.6,16.6,16.6,7550
TS4,01/29/2007,15.8,15.8,15.1,15.8,4260
TS4,01/26/2007,15.9,15.1,15.1,15.1,52640
TS4,01/25/2007,15.6,15.9,15.5,15.9,3300
TS4,01/24/2007,16.4,16.4,15.6,15.6,44050
TS4,01/23/2007,17.1,17.1,16.4,16.4,1760
TS4,01/22/2007,17.1,17.1,17.1,17.1,7190
TS4,01/19/2007,17.7,17.3,17.1,17.1,4450
TS4,01/18/2007,18.6,18.6,17.7,17.7,3130
TS4,01/17/2007,18.6,19.0,18.6,18.6,12630
TS4,01/16/2007,18.1,18.1,18.1,18.1,2740
TS4,01/15/2007,16.7,17.2,16.2,17.2,11850
TS4,01/12/2007,16.7,16.7,16.7,16.7,12740
TS4,01/11/2007,16.7,16.7,16.7,16.7,9070
TS4,01/10/2007,16.7,16.7,16.4,16.7,17960
TS4,01/09/2007,16.2,16.2,16.2,16.2,18070
TS4,01/08/2007,16.2,16.2,15.8,16.0,23540
TS4,01/05/2007,15.4,15.4,15.4,15.4,21380
TS4,01/04/2007,14.7,14.7,14.4,14.7,9300
TS4,01/03/2007,14.0,14.0,14.0,14.0,15900
TS4,01/02/2007,14.0,14.2,14.0,14.0,5910
TS4,12/29/2006,14.2,14.2,13.9,14.2,27520
TS4,12/28/2006,13.7,13.7,13.5,13.5,1800
TS4,12/27/2006,14.1,14.1,13.7,13.7,7350
TS4,12/26/2006,14.1,14.1,14.1,14.1,600
TS4,12/25/2006,13.4,13.4,13.4,13.4,1380
TS4,12/22/2006,14.3,15.0,14.1,14.1,28920
